segment,start_time,end_time,rows,split
0,2022-07-12 00:00:00.019,2022-07-12 00:00:04.019,41,cal
1,2022-07-12 00:00:07.224,2022-07-12 00:00:10.824,37,test_normal
2,2022-07-12 00:00:15.267,2022-07-12 00:00:17.567,24,test_normal
3,2022-07-12 00:00:23.324,2022-07-12 00:00:24.224,10,excluded_short
4,2022-07-12 00:00:32.752,2022-07-12 00:00:37.652,50,val
5,2022-07-12 00:00:39.756,2022-07-12 00:00:44.656,50,train
6,2022-07-12 00:00:47.676,2022-07-12 00:00:52.576,50,train
7,2022-07-12 00:00:55.468,2022-07-12 00:00:59.468,41,val
8,2022-07-12 00:01:03.576,2022-07-12 00:01:06.076,26,train
9,2022-07-12 00:01:11.621,2022-07-12 00:01:12.821,13,excluded_short
10,2022-07-12 00:01:21.222,2022-07-12 00:01:26.122,50,test_normal
11,2022-07-12 00:01:27.857,2022-07-12 00:01:32.757,50,train
12,2022-07-12 00:01:35.646,2022-07-12 00:01:39.546,40,val
13,2022-07-12 00:01:43.757,2022-07-12 00:01:46.157,25,val
14,2022-07-12 00:01:51.655,2022-07-12 00:01:52.955,14,excluded_short
15,2022-07-12 00:02:01.294,2022-07-12 00:02:06.194,50,cal
16,2022-07-12 00:02:07.924,2022-07-12 00:02:12.824,50,test_normal
17,2022-07-12 00:02:15.921,2022-07-12 00:02:19.421,36,cal
18,2022-07-12 00:02:23.876,2022-07-12 00:02:27.376,36,train
19,2022-07-12 00:02:31.936,2022-07-12 00:02:34.136,23,train
20,2022-07-12 00:02:40.000,2022-07-12 00:02:42.100,22,train
21,2022-07-12 00:02:47.868,2022-07-12 00:02:48.868,11,excluded_short
22,2022-07-12 00:02:57.334,2022-07-12 00:03:02.234,50,train
23,2022-07-12 00:03:04.000,2022-07-12 00:03:08.900,50,cal
24,2022-07-12 00:03:12.129,2022-07-12 00:03:15.629,36,train
25,2022-07-12 00:03:20.215,2022-07-12 00:03:22.715,26,train
26,2022-07-12 00:03:28.182,2022-07-12 00:03:29.282,12,excluded_short
27,2022-07-12 00:03:44.676,2022-07-12 00:03:49.576,50,val
28,2022-07-12 00:03:52.544,2022-07-12 00:03:57.444,50,train
29,2022-07-12 00:04:00.140,2022-07-12 00:04:04.240,42,train
30,2022-07-12 00:04:08.213,2022-07-12 00:04:10.813,27,train
31,2022-07-12 00:04:16.224,2022-07-12 00:04:17.424,13,excluded_short
32,2022-07-12 00:04:23.985,2022-07-12 00:04:24.085,2,excluded_short
33,2022-07-12 00:04:25.827,2022-07-12 00:04:30.727,50,val
34,2022-07-12 00:04:32.537,2022-07-12 00:04:37.437,50,train
35,2022-07-12 00:04:40.416,2022-07-12 00:04:44.116,38,train
36,2022-07-12 00:04:48.455,2022-07-12 00:04:52.055,37,train
37,2022-07-12 00:04:56.641,2022-07-12 00:04:58.941,24,train
38,2022-07-12 00:05:04.636,2022-07-12 00:05:05.736,12,excluded_short
39,2022-07-12 00:05:12.566,2022-07-12 00:05:13.666,12,excluded_short
40,2022-07-12 00:05:20.498,2022-07-12 00:05:20.498,1,excluded_short
41,2022-07-12 00:05:22.496,2022-07-12 00:05:27.396,50,train
42,2022-07-12 00:05:29.007,2022-07-12 00:05:33.907,50,train
43,2022-07-12 00:05:36.499,2022-07-12 00:05:40.699,43,test_normal
44,2022-07-12 00:05:44.604,2022-07-12 00:05:47.404,29,train
45,2022-07-12 00:05:52.492,2022-07-12 00:05:54.092,17,cal
46,2022-07-12 00:06:00.487,2022-07-12 00:06:00.887,5,excluded_short
47,2022-07-12 00:06:02.560,2022-07-12 00:06:07.460,50,test_normal
48,2022-07-12 00:06:09.177,2022-07-12 00:06:14.077,50,train
49,2022-07-12 00:06:16.934,2022-07-12 00:06:20.834,40,train
50,2022-07-12 00:06:25.547,2022-07-12 00:06:27.647,22,train
51,2022-07-12 00:06:29.384,2022-07-12 00:06:34.284,50,train
52,2022-07-12 00:06:36.231,2022-07-12 00:06:41.131,50,val
53,2022-07-12 00:06:43.040,2022-07-12 00:06:47.940,50,train
54,2022-07-12 00:06:49.646,2022-07-12 00:06:54.546,50,train
55,2022-07-12 00:06:57.798,2022-07-12 00:07:02.698,50,train
56,2022-07-12 00:07:04.844,2022-07-12 00:07:09.744,50,train
57,2022-07-12 00:07:12.647,2022-07-12 00:07:17.547,50,test_normal
58,2022-07-12 00:07:19.348,2022-07-12 00:07:24.248,50,train
59,2022-07-12 00:07:25.971,2022-07-12 00:07:30.871,50,train
60,2022-07-12 00:07:32.847,2022-07-12 00:07:37.747,50,test_normal
61,2022-07-12 00:07:39.560,2022-07-12 00:07:44.460,50,train
62,2022-07-12 00:07:46.324,2022-07-12 00:07:51.224,50,train
63,2022-07-12 00:07:52.879,2022-07-12 00:07:57.779,50,train
64,2022-07-12 00:07:59.767,2022-07-12 00:08:04.667,50,test_normal
65,2022-07-12 00:08:06.337,2022-07-12 00:08:11.237,50,train
66,2022-07-12 00:08:13.092,2022-07-12 00:08:17.992,50,train
67,2022-07-12 00:08:26.424,2022-07-12 00:08:31.324,50,train
68,2022-07-12 00:08:33.206,2022-07-12 00:08:38.106,50,train
69,2022-07-12 00:08:39.956,2022-07-12 00:08:44.856,50,val
70,2022-07-12 00:08:46.662,2022-07-12 00:08:51.562,50,train
71,2022-07-12 00:08:53.480,2022-07-12 00:08:58.380,50,test_normal
72,2022-07-12 00:09:00.084,2022-07-12 00:09:04.984,50,train
73,2022-07-12 00:09:06.833,2022-07-12 00:09:11.733,50,train
74,2022-07-12 00:09:13.436,2022-07-12 00:09:18.336,50,train
75,2022-07-12 00:09:20.084,2022-07-12 00:09:24.984,50,test_normal
76,2022-07-12 00:09:28.152,2022-07-12 00:09:33.052,50,cal
77,2022-07-12 00:09:38.862,2022-07-12 00:09:39.962,12,excluded_short
78,2022-07-12 00:09:41.691,2022-07-12 00:09:46.591,50,train
79,2022-07-12 00:09:48.366,2022-07-12 00:09:53.266,50,train
80,2022-07-12 00:09:55.827,2022-07-12 00:09:59.927,42,train
81,2022-07-12 00:10:03.867,2022-07-12 00:10:06.867,31,train
82,2022-07-12 00:10:11.896,2022-07-12 00:10:13.396,16,val
83,2022-07-12 00:10:19.799,2022-07-12 00:10:20.199,5,excluded_short
84,2022-07-12 00:10:28.656,2022-07-12 00:10:33.556,50,train
85,2022-07-12 00:10:35.872,2022-07-12 00:10:40.372,46,train
86,2022-07-12 00:10:43.851,2022-07-12 00:10:47.051,33,train
87,2022-07-12 00:10:51.896,2022-07-12 00:10:54.096,23,train
88,2022-07-12 00:10:59.756,2022-07-12 00:11:00.856,12,excluded_short
89,2022-07-12 00:11:09.294,2022-07-12 00:11:14.194,50,train
90,2022-07-12 00:11:16.040,2022-07-12 00:11:20.840,49,train
91,2022-07-12 00:11:24.056,2022-07-12 00:11:27.556,36,cal
92,2022-07-12 00:11:32.266,2022-07-12 00:11:34.466,23,train
93,2022-07-12 00:11:40.267,2022-07-12 00:11:40.967,8,excluded_short
94,2022-07-12 00:11:49.526,2022-07-12 00:11:54.426,50,test_normal
95,2022-07-12 00:11:56.244,2022-07-12 00:12:01.144,50,val
96,2022-07-12 00:12:04.143,2022-07-12 00:12:07.843,38,train
97,2022-07-12 00:12:12.164,2022-07-12 00:12:14.564,25,train
98,2022-07-12 00:12:20.177,2022-07-12 00:12:22.477,24,val
99,2022-07-12 00:12:28.175,2022-07-12 00:12:29.275,12,excluded_short
100,2022-07-12 00:12:38.192,2022-07-12 00:12:43.092,50,val
101,2022-07-12 00:12:44.747,2022-07-12 00:12:49.647,50,val
102,2022-07-12 00:12:52.064,2022-07-12 00:12:56.464,45,train
103,2022-07-12 00:13:00.089,2022-07-12 00:13:03.389,34,cal
104,2022-07-12 00:13:07.971,2022-07-12 00:13:11.271,34,test_normal
105,2022-07-12 00:13:15.873,2022-07-12 00:13:17.973,22,train
106,2022-07-12 00:13:23.836,2022-07-12 00:13:24.636,9,excluded_short
107,2022-07-12 00:13:33.336,2022-07-12 00:13:38.236,50,test_normal
108,2022-07-12 00:13:39.886,2022-07-12 00:13:44.786,50,val
109,2022-07-12 00:13:47.957,2022-07-12 00:13:51.557,37,train
110,2022-07-12 00:13:55.976,2022-07-12 00:13:58.176,23,train
111,2022-07-12 00:14:03.904,2022-07-12 00:14:04.804,10,excluded_short
112,2022-07-12 00:14:13.584,2022-07-12 00:14:18.484,50,cal
113,2022-07-12 00:14:20.310,2022-07-12 00:14:25.210,50,cal
114,2022-07-12 00:14:27.908,2022-07-12 00:14:31.808,40,train
115,2022-07-12 00:14:35.936,2022-07-12 00:14:38.536,27,test_normal
116,2022-07-12 00:14:43.837,2022-07-12 00:14:46.437,27,train
117,2022-07-12 00:14:51.621,2022-07-12 00:14:53.221,17,train
118,2022-07-12 00:14:59.657,2022-07-12 00:14:59.757,2,excluded_short
119,2022-07-12 00:15:01.577,2022-07-12 00:15:06.477,50,train
120,2022-07-12 00:15:08.384,2022-07-12 00:15:13.284,50,cal
121,2022-07-12 00:15:15.740,2022-07-12 00:15:19.840,42,train
122,2022-07-12 00:15:23.669,2022-07-12 00:15:26.469,29,val
123,2022-07-12 00:15:31.742,2022-07-12 00:15:33.442,18,train
124,2022-07-12 00:15:39.684,2022-07-12 00:15:40.284,7,excluded_short
125,2022-07-12 00:15:41.948,2022-07-12 00:15:46.848,50,cal
126,2022-07-12 00:15:48.726,2022-07-12 00:15:53.626,50,train
127,2022-07-12 00:15:55.785,2022-07-12 00:16:00.485,48,train
128,2022-07-12 00:16:03.804,2022-07-12 00:16:07.304,36,test_normal
129,2022-07-12 00:16:11.955,2022-07-12 00:16:13.855,20,val
130,2022-07-12 00:16:19.994,2022-07-12 00:16:20.594,7,excluded_short
131,2022-07-12 00:16:29.364,2022-07-12 00:16:34.264,50,test_normal
132,2022-07-12 00:16:36.267,2022-07-12 00:16:41.067,49,train
133,2022-07-12 00:16:44.325,2022-07-12 00:16:47.725,35,train
134,2022-07-12 00:16:52.351,2022-07-12 00:16:54.451,22,train
135,2022-07-12 00:17:00.325,2022-07-12 00:17:01.125,9,excluded_short
136,2022-07-12 00:17:09.540,2022-07-12 00:17:14.440,50,train
137,2022-07-12 00:17:16.447,2022-07-12 00:17:21.147,48,val
138,2022-07-12 00:17:24.527,2022-07-12 00:17:29.227,48,train
139,2022-07-12 00:17:32.480,2022-07-12 00:17:35.880,35,cal
140,2022-07-12 00:17:40.504,2022-07-12 00:17:42.704,23,test_normal
141,2022-07-12 00:17:48.487,2022-07-12 00:17:49.687,13,excluded_short
142,2022-07-12 00:17:56.513,2022-07-12 00:17:56.613,2,excluded_short
143,2022-07-12 00:18:04.588,2022-07-12 00:18:04.588,1,excluded_short
144,2022-07-12 00:18:06.304,2022-07-12 00:18:11.204,50,val
145,2022-07-12 00:18:13.063,2022-07-12 00:18:17.963,50,train
146,2022-07-12 00:18:20.724,2022-07-12 00:18:24.624,40,train
147,2022-07-12 00:18:28.872,2022-07-12 00:18:31.372,26,train
148,2022-07-12 00:18:36.700,2022-07-12 00:18:39.200,26,train
149,2022-07-12 00:18:44.570,2022-07-12 00:18:45.970,15,excluded_short
150,2022-07-12 00:18:52.512,2022-07-12 00:18:52.712,3,excluded_short
151,2022-07-12 00:19:00.468,2022-07-12 00:19:00.668,3,excluded_short
152,2022-07-12 00:19:09.428,2022-07-12 00:19:14.328,50,cal
153,2022-07-12 00:19:17.374,2022-07-12 00:19:22.274,50,test_normal
154,2022-07-12 00:19:24.471,2022-07-12 00:19:29.071,47,val
155,2022-07-12 00:19:32.476,2022-07-12 00:19:35.776,34,train
156,2022-07-12 00:19:40.568,2022-07-12 00:19:42.368,19,train
157,2022-07-12 00:19:48.638,2022-07-12 00:19:49.138,6,excluded_short
158,2022-07-12 00:19:57.844,2022-07-12 00:20:02.744,50,val
159,2022-07-12 00:20:04.636,2022-07-12 00:20:09.536,50,train
160,2022-07-12 00:20:12.569,2022-07-12 00:20:16.269,38,cal
161,2022-07-12 00:20:20.537,2022-07-12 00:20:23.037,26,train
162,2022-07-12 00:20:28.517,2022-07-12 00:20:29.717,13,excluded_short
163,2022-07-12 00:20:36.404,2022-07-12 00:20:36.504,2,excluded_short
164,2022-07-12 00:20:45.131,2022-07-12 00:20:50.031,50,train
165,2022-07-12 00:20:52.436,2022-07-12 00:20:56.636,43,train
166,2022-07-12 00:21:00.416,2022-07-12 00:21:03.516,32,test_normal
167,2022-07-12 00:21:08.408,2022-07-12 00:21:10.208,19,train
168,2022-07-12 00:21:16.362,2022-07-12 00:21:16.962,7,excluded_short
169,2022-07-12 00:21:25.804,2022-07-12 00:21:30.704,50,train
170,2022-07-12 00:21:33.358,2022-07-12 00:21:37.458,42,val
171,2022-07-12 00:21:41.500,2022-07-12 00:21:44.100,27,train
172,2022-07-12 00:21:49.428,2022-07-12 00:21:51.928,26,test_normal
173,2022-07-12 00:21:57.262,2022-07-12 00:21:58.562,14,excluded_short
174,2022-07-12 00:22:05.224,2022-07-12 00:22:05.424,3,excluded_short
175,2022-07-12 00:22:07.078,2022-07-12 00:22:11.978,50,train
176,2022-07-12 00:22:13.849,2022-07-12 00:22:18.749,50,train
177,2022-07-12 00:22:21.169,2022-07-12 00:22:25.669,46,train
178,2022-07-12 00:22:29.076,2022-07-12 00:22:32.176,32,cal
179,2022-07-12 00:22:37.072,2022-07-12 00:22:38.972,20,train
180,2022-07-12 00:22:45.020,2022-07-12 00:22:45.620,7,excluded_short
181,2022-07-12 00:22:53.936,2022-07-12 00:22:58.836,50,test_normal
182,2022-07-12 00:23:01.103,2022-07-12 00:23:05.703,47,val
183,2022-07-12 00:23:09.220,2022-07-12 00:23:12.320,32,val
184,2022-07-12 00:23:17.204,2022-07-12 00:23:20.404,33,test_normal
185,2022-07-12 00:23:25.144,2022-07-12 00:23:27.244,22,train
186,2022-07-12 00:23:33.047,2022-07-12 00:23:33.847,9,excluded_short
187,2022-07-12 00:23:42.270,2022-07-12 00:23:47.170,50,train
188,2022-07-12 00:23:48.975,2022-07-12 00:23:53.875,50,cal
189,2022-07-12 00:23:56.987,2022-07-12 00:24:00.487,36,val
190,2022-07-12 00:24:04.940,2022-07-12 00:24:07.440,26,train
191,2022-07-12 00:24:12.920,2022-07-12 00:24:14.020,12,excluded_short
192,2022-07-12 00:24:22.654,2022-07-12 00:24:27.554,50,train
193,2022-07-12 00:24:29.596,2022-07-12 00:24:34.496,50,train
194,2022-07-12 00:24:37.006,2022-07-12 00:24:41.106,42,test_normal
195,2022-07-12 00:24:45.075,2022-07-12 00:24:47.875,29,train
196,2022-07-12 00:24:53.136,2022-07-12 00:24:54.836,18,train
197,2022-07-12 00:25:01.153,2022-07-12 00:25:01.653,6,excluded_short
198,2022-07-12 00:25:10.148,2022-07-12 00:25:15.048,50,train
199,2022-07-12 00:25:17.084,2022-07-12 00:25:21.884,49,val
200,2022-07-12 00:25:25.093,2022-07-12 00:25:28.293,33,train
201,2022-07-12 00:25:33.044,2022-07-12 00:25:35.144,22,cal
202,2022-07-12 00:25:41.044,2022-07-12 00:25:41.744,8,excluded_short
203,2022-07-12 00:25:50.128,2022-07-12 00:25:55.028,50,train
204,2022-07-12 00:25:57.187,2022-07-12 00:26:01.887,48,train
205,2022-07-12 00:26:05.260,2022-07-12 00:26:08.460,33,train
206,2022-07-12 00:26:13.208,2022-07-12 00:26:15.308,22,train
207,2022-07-12 00:26:21.091,2022-07-12 00:26:22.191,12,excluded_short
208,2022-07-12 00:26:29.067,2022-07-12 00:26:30.067,11,excluded_short
209,2022-07-12 00:26:31.913,2022-07-12 00:26:36.813,50,train
210,2022-07-12 00:26:38.648,2022-07-12 00:26:43.548,50,train
211,2022-07-12 00:26:45.464,2022-07-12 00:26:50.364,50,train
212,2022-07-12 00:26:53.334,2022-07-12 00:26:57.034,38,test_normal
213,2022-07-12 00:27:01.423,2022-07-12 00:27:03.623,23,train
214,2022-07-12 00:27:09.388,2022-07-12 00:27:10.488,12,excluded_short
215,2022-07-12 00:27:17.417,2022-07-12 00:27:18.317,10,excluded_short
216,2022-07-12 00:27:27.011,2022-07-12 00:27:31.911,50,cal
217,2022-07-12 00:27:33.464,2022-07-12 00:27:38.364,50,cal
218,2022-07-12 00:27:41.443,2022-07-12 00:27:45.143,38,train
219,2022-07-12 00:27:49.507,2022-07-12 00:27:51.807,24,test_normal
220,2022-07-12 00:27:57.407,2022-07-12 00:27:58.707,14,excluded_short
221,2022-07-12 00:28:07.313,2022-07-12 00:28:12.213,50,val
222,2022-07-12 00:28:14.008,2022-07-12 00:28:18.908,50,train
223,2022-07-12 00:28:21.540,2022-07-12 00:28:25.440,40,train
224,2022-07-12 00:28:29.532,2022-07-12 00:28:32.332,29,val
225,2022-07-12 00:28:37.546,2022-07-12 00:28:38.946,15,excluded_short
226,2022-07-12 00:28:45.484,2022-07-12 00:28:45.584,2,excluded_short
227,2022-07-12 00:28:54.024,2022-07-12 00:28:58.924,50,train
228,2022-07-12 00:29:02.224,2022-07-12 00:29:07.124,50,train
229,2022-07-12 00:29:09.592,2022-07-12 00:29:13.792,43,train
230,2022-07-12 00:29:17.574,2022-07-12 00:29:20.674,32,train
231,2022-07-12 00:29:25.707,2022-07-12 00:29:27.207,16,train
232,2022-07-12 00:29:33.664,2022-07-12 00:29:33.964,4,excluded_short
233,2022-07-12 00:29:35.745,2022-07-12 00:29:40.645,50,val
234,2022-07-12 00:29:42.284,2022-07-12 00:29:47.184,50,train
235,2022-07-12 00:29:50.008,2022-07-12 00:29:54.008,41,test_normal
236,2022-07-12 00:29:58.044,2022-07-12 00:30:00.544,26,train
237,2022-07-12 00:30:05.936,2022-07-12 00:30:07.336,15,excluded_short
238,2022-07-12 00:30:14.004,2022-07-12 00:30:14.204,3,excluded_short
239,2022-07-12 00:30:15.875,2022-07-12 00:30:20.775,50,test_normal
240,2022-07-12 00:30:22.688,2022-07-12 00:30:27.588,50,train
241,2022-07-12 00:30:29.999,2022-07-12 00:30:34.199,43,test_normal
242,2022-07-12 00:30:38.043,2022-07-12 00:30:40.843,29,train
243,2022-07-12 00:30:46.032,2022-07-12 00:30:47.532,16,train
244,2022-07-12 00:30:53.910,2022-07-12 00:30:54.410,6,excluded_short
245,2022-07-12 00:31:02.945,2022-07-12 00:31:07.845,50,train
246,2022-07-12 00:31:10.998,2022-07-12 00:31:15.898,50,train
247,2022-07-12 00:31:17.932,2022-07-12 00:31:22.832,50,train
248,2022-07-12 00:31:25.907,2022-07-12 00:31:29.307,35,cal
249,2022-07-12 00:31:33.901,2022-07-12 00:31:36.101,23,val
250,2022-07-12 00:31:41.922,2022-07-12 00:31:42.722,9,excluded_short
251,2022-07-12 00:31:51.200,2022-07-12 00:31:56.100,50,train
252,2022-07-12 00:31:58.020,2022-07-12 00:32:02.920,50,train
253,2022-07-12 00:32:05.948,2022-07-12 00:32:09.648,38,val
254,2022-07-12 00:32:13.976,2022-07-12 00:32:16.576,27,train
255,2022-07-12 00:32:21.964,2022-07-12 00:32:23.164,13,excluded_short
256,2022-07-12 00:32:29.766,2022-07-12 00:32:30.266,6,excluded_short
257,2022-07-12 00:32:38.608,2022-07-12 00:32:43.508,50,train
258,2022-07-12 00:32:45.771,2022-07-12 00:32:50.171,45,test_normal
259,2022-07-12 00:32:53.644,2022-07-12 00:32:56.744,32,train
260,2022-07-12 00:33:01.594,2022-07-12 00:33:03.394,19,train
261,2022-07-12 00:33:09.576,2022-07-12 00:33:11.576,21,train
262,2022-07-12 00:33:17.456,2022-07-12 00:33:18.156,8,excluded_short
263,2022-07-12 00:33:25.451,2022-07-12 00:33:26.251,9,excluded_short
264,2022-07-12 00:33:34.840,2022-07-12 00:33:39.740,50,train
265,2022-07-12 00:33:41.534,2022-07-12 00:33:46.434,50,train
266,2022-07-12 00:33:49.428,2022-07-12 00:33:53.228,39,test_normal
267,2022-07-12 00:33:57.398,2022-07-12 00:33:59.898,26,cal
268,2022-07-12 00:34:05.379,2022-07-12 00:34:06.779,15,excluded_short
269,2022-07-12 00:34:13.260,2022-07-12 00:34:13.560,4,excluded_short
270,2022-07-12 00:34:15.359,2022-07-12 00:34:20.259,50,train
271,2022-07-12 00:34:21.987,2022-07-12 00:34:26.887,50,val
272,2022-07-12 00:34:29.244,2022-07-12 00:34:33.444,43,test_normal
273,2022-07-12 00:34:37.168,2022-07-12 00:34:41.568,45,train
274,2022-07-12 00:34:45.928,2022-07-12 00:34:50.828,50,train
275,2022-07-12 00:34:53.056,2022-07-12 00:34:57.656,47,test_normal
276,2022-07-12 00:35:01.171,2022-07-12 00:35:04.271,32,cal
277,2022-07-12 00:35:09.147,2022-07-12 00:35:11.147,21,cal
278,2022-07-12 00:35:17.136,2022-07-12 00:35:17.836,8,excluded_short
279,2022-07-12 00:35:25.092,2022-07-12 00:35:25.792,8,excluded_short
280,2022-07-12 00:35:34.214,2022-07-12 00:35:39.114,50,val
281,2022-07-12 00:35:41.235,2022-07-12 00:35:45.935,48,val
282,2022-07-12 00:35:49.315,2022-07-12 00:35:52.515,33,test_normal
283,2022-07-12 00:35:57.296,2022-07-12 00:35:59.396,22,val
284,2022-07-12 00:36:05.268,2022-07-12 00:36:06.168,10,excluded_short
285,2022-07-12 00:36:07.998,2022-07-12 00:36:12.898,50,val
286,2022-07-12 00:36:14.644,2022-07-12 00:36:19.544,50,train
287,2022-07-12 00:36:21.560,2022-07-12 00:36:26.460,50,train
288,2022-07-12 00:36:29.468,2022-07-12 00:36:32.968,36,train
289,2022-07-12 00:36:37.428,2022-07-12 00:36:39.728,24,train
290,2022-07-12 00:36:45.408,2022-07-12 00:36:46.608,13,excluded_short
291,2022-07-12 00:36:53.119,2022-07-12 00:36:53.119,1,excluded_short
292,2022-07-12 00:36:55.156,2022-07-12 00:37:00.056,50,train
293,2022-07-12 00:37:02.032,2022-07-12 00:37:06.932,50,train
294,2022-07-12 00:37:09.360,2022-07-12 00:37:13.460,42,train
295,2022-07-12 00:37:17.426,2022-07-12 00:37:20.226,29,train
296,2022-07-12 00:37:25.356,2022-07-12 00:37:27.256,20,train
297,2022-07-12 00:37:33.270,2022-07-12 00:37:33.970,8,excluded_short
298,2022-07-12 00:37:42.318,2022-07-12 00:37:47.218,50,test_normal
299,2022-07-12 00:37:49.246,2022-07-12 00:37:53.946,48,train
300,2022-07-12 00:37:57.236,2022-07-12 00:38:00.736,36,cal
301,2022-07-12 00:38:05.247,2022-07-12 00:38:07.147,20,train
302,2022-07-12 00:38:13.239,2022-07-12 00:38:14.039,9,excluded_short
303,2022-07-12 00:38:22.496,2022-07-12 00:38:27.396,50,train
304,2022-07-12 00:38:29.302,2022-07-12 00:38:34.202,50,val
305,2022-07-12 00:38:37.296,2022-07-12 00:38:40.996,38,train
306,2022-07-12 00:38:45.418,2022-07-12 00:38:48.818,35,train
307,2022-07-12 00:38:53.456,2022-07-12 00:38:55.656,23,val
308,2022-07-12 00:39:01.416,2022-07-12 00:39:02.216,9,excluded_short
309,2022-07-12 00:39:10.908,2022-07-12 00:39:15.808,50,train
310,2022-07-12 00:39:17.687,2022-07-12 00:39:22.587,50,val
311,2022-07-12 00:39:25.531,2022-07-12 00:39:29.231,38,train
312,2022-07-12 00:39:33.471,2022-07-12 00:39:35.771,24,cal
313,2022-07-12 00:39:41.284,2022-07-12 00:39:42.884,17,train
314,2022-07-12 00:39:49.306,2022-07-12 00:39:49.306,1,excluded_short
315,2022-07-12 00:39:51.184,2022-07-12 00:39:56.084,50,train
316,2022-07-12 00:39:57.839,2022-07-12 00:40:02.739,50,train
317,2022-07-12 00:40:05.260,2022-07-12 00:40:09.360,42,train
318,2022-07-12 00:40:13.200,2022-07-12 00:40:16.200,31,train
319,2022-07-12 00:40:21.200,2022-07-12 00:40:22.700,16,train
320,2022-07-12 00:40:29.245,2022-07-12 00:40:29.445,3,excluded_short
321,2022-07-12 00:40:37.167,2022-07-12 00:40:37.367,3,excluded_short
322,2022-07-12 00:40:39.236,2022-07-12 00:40:44.136,50,train
323,2022-07-12 00:40:45.865,2022-07-12 00:40:50.765,50,val
324,2022-07-12 00:40:53.176,2022-07-12 00:40:57.476,44,train
325,2022-07-12 00:41:01.166,2022-07-12 00:41:04.066,30,train
326,2022-07-12 00:41:09.181,2022-07-12 00:41:10.981,19,train
327,2022-07-12 00:41:17.117,2022-07-12 00:41:17.317,3,excluded_short
328,2022-07-12 00:41:19.199,2022-07-12 00:41:24.099,50,train
329,2022-07-12 00:41:25.865,2022-07-12 00:41:30.765,50,train
330,2022-07-12 00:41:33.240,2022-07-12 00:41:37.340,42,train
331,2022-07-12 00:41:41.292,2022-07-12 00:41:44.192,30,test_normal
332,2022-07-12 00:41:49.471,2022-07-12 00:41:50.771,14,excluded_short
333,2022-07-12 00:41:57.470,2022-07-12 00:41:57.570,2,excluded_short
334,2022-07-12 00:42:06.134,2022-07-12 00:42:11.034,50,cal
335,2022-07-12 00:42:13.314,2022-07-12 00:42:17.714,45,train
336,2022-07-12 00:42:21.316,2022-07-12 00:42:24.616,34,test_normal
337,2022-07-12 00:42:29.388,2022-07-12 00:42:32.488,32,test_normal
338,2022-07-12 00:42:37.291,2022-07-12 00:42:39.191,20,train
339,2022-07-12 00:42:45.343,2022-07-12 00:42:45.843,6,excluded_short
340,2022-07-12 00:42:47.528,2022-07-12 00:42:52.428,50,val
341,2022-07-12 00:42:54.375,2022-07-12 00:42:59.275,50,val
342,2022-07-12 00:43:01.514,2022-07-12 00:43:05.914,45,train
343,2022-07-12 00:43:09.436,2022-07-12 00:43:12.736,34,train
344,2022-07-12 00:43:17.444,2022-07-12 00:43:19.444,21,train
345,2022-07-12 00:43:25.297,2022-07-12 00:43:26.597,14,excluded_short
346,2022-07-12 00:43:33.096,2022-07-12 00:43:33.196,2,excluded_short
347,2022-07-12 00:43:35.064,2022-07-12 00:43:39.964,50,test_normal
348,2022-07-12 00:43:41.601,2022-07-12 00:43:46.501,50,val
349,2022-07-12 00:43:49.346,2022-07-12 00:43:53.346,41,train
350,2022-07-12 00:43:57.268,2022-07-12 00:43:59.968,28,cal
351,2022-07-12 00:44:05.295,2022-07-12 00:44:06.995,18,train
352,2022-07-12 00:44:13.300,2022-07-12 00:44:13.700,5,excluded_short
353,2022-07-12 00:44:15.484,2022-07-12 00:44:20.384,50,test_normal
354,2022-07-12 00:44:22.158,2022-07-12 00:44:27.058,50,test_normal
355,2022-07-12 00:44:29.332,2022-07-12 00:44:33.832,46,cal
356,2022-07-12 00:44:37.312,2022-07-12 00:44:40.412,32,train
357,2022-07-12 00:44:45.286,2022-07-12 00:44:47.186,20,train
358,2022-07-12 00:44:53.274,2022-07-12 00:44:53.874,7,excluded_short
359,2022-07-12 00:45:02.356,2022-07-12 00:45:07.256,50,cal
360,2022-07-12 00:45:10.440,2022-07-12 00:45:15.340,50,test_normal
361,2022-07-12 00:45:17.244,2022-07-12 00:45:22.144,50,train
362,2022-07-12 00:45:25.336,2022-07-12 00:45:28.636,34,train
363,2022-07-12 00:45:33.352,2022-07-12 00:45:35.352,21,val
364,2022-07-12 00:45:41.472,2022-07-12 00:45:42.272,9,excluded_short
365,2022-07-12 00:45:50.892,2022-07-12 00:45:55.792,50,train
366,2022-07-12 00:45:57.561,2022-07-12 00:46:02.461,50,train
367,2022-07-12 00:46:05.548,2022-07-12 00:46:09.148,37,train
368,2022-07-12 00:46:13.485,2022-07-12 00:46:16.085,27,train
369,2022-07-12 00:46:21.424,2022-07-12 00:46:22.824,15,excluded_short
370,2022-07-12 00:46:29.508,2022-07-12 00:46:29.508,1,excluded_short
371,2022-07-12 00:46:31.584,2022-07-12 00:46:36.484,50,train
372,2022-07-12 00:46:38.256,2022-07-12 00:46:43.156,50,cal
373,2022-07-12 00:46:45.658,2022-07-12 00:46:49.858,43,test_normal
374,2022-07-12 00:46:53.743,2022-07-12 00:46:56.643,30,test_normal
375,2022-07-12 00:47:01.644,2022-07-12 00:47:03.644,21,train
376,2022-07-12 00:47:09.558,2022-07-12 00:47:10.058,6,excluded_short
377,2022-07-12 00:47:11.896,2022-07-12 00:47:16.796,50,train
378,2022-07-12 00:47:18.491,2022-07-12 00:47:23.391,50,train
379,2022-07-12 00:47:25.788,2022-07-12 00:47:29.988,43,train
380,2022-07-12 00:47:33.787,2022-07-12 00:47:36.587,29,train
381,2022-07-12 00:47:41.964,2022-07-12 00:47:43.164,13,excluded_short
382,2022-07-12 00:47:49.980,2022-07-12 00:47:49.980,1,excluded_short
383,2022-07-12 00:47:59.731,2022-07-12 00:48:04.631,50,train
384,2022-07-12 00:48:06.559,2022-07-12 00:48:11.459,50,train
385,2022-07-12 00:48:14.176,2022-07-12 00:48:18.076,40,cal
386,2022-07-12 00:48:22.150,2022-07-12 00:48:24.850,28,train
387,2022-07-12 00:48:30.056,2022-07-12 00:48:31.656,17,train
388,2022-07-12 00:48:38.047,2022-07-12 00:48:38.347,4,excluded_short
389,2022-07-12 00:48:40.145,2022-07-12 00:48:45.045,50,cal
390,2022-07-12 00:48:46.796,2022-07-12 00:48:51.696,50,val
391,2022-07-12 00:48:54.584,2022-07-12 00:48:58.384,39,val
392,2022-07-12 00:49:02.714,2022-07-12 00:49:05.114,25,val
393,2022-07-12 00:49:10.737,2022-07-12 00:49:12.037,14,excluded_short
394,2022-07-12 00:49:18.634,2022-07-12 00:49:18.634,1,excluded_short
395,2022-07-12 00:49:27.367,2022-07-12 00:49:32.267,50,train
396,2022-07-12 00:49:34.708,2022-07-12 00:49:39.008,44,train
397,2022-07-12 00:49:42.699,2022-07-12 00:49:45.799,32,test_normal
398,2022-07-12 00:49:50.587,2022-07-12 00:49:52.687,22,train
399,2022-07-12 00:49:58.730,2022-07-12 00:49:59.330,7,excluded_short
400,2022-07-12 00:50:15.827,2022-07-12 00:50:20.727,50,test_normal
401,2022-07-12 00:50:22.836,2022-07-12 00:50:27.336,46,train
402,2022-07-12 00:50:30.952,2022-07-12 00:50:34.252,34,val
403,2022-07-12 00:50:38.906,2022-07-12 00:50:40.906,21,train
404,2022-07-12 00:50:46.896,2022-07-12 00:50:47.996,12,excluded_short
405,2022-07-12 00:50:56.424,2022-07-12 00:51:01.324,50,val
406,2022-07-12 00:51:03.048,2022-07-12 00:51:07.948,50,train
407,2022-07-12 00:51:10.863,2022-07-12 00:51:14.563,38,test_normal
408,2022-07-12 00:51:18.948,2022-07-12 00:51:21.348,25,test_normal
409,2022-07-12 00:51:26.816,2022-07-12 00:51:28.016,13,excluded_short
410,2022-07-12 00:51:36.856,2022-07-12 00:51:41.756,50,cal
411,2022-07-12 00:51:43.448,2022-07-12 00:51:48.348,50,cal
412,2022-07-12 00:51:51.236,2022-07-12 00:51:55.136,40,train
413,2022-07-12 00:51:59.201,2022-07-12 00:52:01.901,28,val
414,2022-07-12 00:52:07.111,2022-07-12 00:52:08.511,15,excluded_short
415,2022-07-12 00:52:15.119,2022-07-12 00:52:16.419,14,excluded_short
416,2022-07-12 00:52:23.255,2022-07-12 00:52:23.255,1,excluded_short
417,2022-07-12 00:52:32.972,2022-07-12 00:52:37.872,50,train
418,2022-07-12 00:52:39.609,2022-07-12 00:52:44.509,50,train
419,2022-07-12 00:52:47.696,2022-07-12 00:52:51.396,38,train
420,2022-07-12 00:52:55.616,2022-07-12 00:52:57.816,23,train
421,2022-07-12 00:53:03.651,2022-07-12 00:53:04.551,10,excluded_short
422,2022-07-12 00:53:13.056,2022-07-12 00:53:17.956,50,train
423,2022-07-12 00:53:19.759,2022-07-12 00:53:24.559,49,test_normal
424,2022-07-12 00:53:27.876,2022-07-12 00:53:31.376,36,train
425,2022-07-12 00:53:35.908,2022-07-12 00:53:38.208,24,train
426,2022-07-12 00:53:43.747,2022-07-12 00:53:44.747,11,excluded_short
427,2022-07-12 00:53:53.254,2022-07-12 00:53:58.154,50,train
428,2022-07-12 00:54:00.003,2022-07-12 00:54:04.903,50,train
429,2022-07-12 00:54:07.775,2022-07-12 00:54:11.575,39,train
430,2022-07-12 00:54:15.782,2022-07-12 00:54:18.482,28,train
431,2022-07-12 00:54:23.963,2022-07-12 00:54:26.363,25,val
432,2022-07-12 00:54:32.064,2022-07-12 00:54:33.064,11,excluded_short
433,2022-07-12 00:54:41.336,2022-07-12 00:54:46.236,50,val
434,2022-07-12 00:54:48.044,2022-07-12 00:54:52.844,49,train
435,2022-07-12 00:54:56.093,2022-07-12 00:54:59.493,35,train
436,2022-07-12 00:55:04.088,2022-07-12 00:55:06.188,22,cal
437,2022-07-12 00:55:11.936,2022-07-12 00:55:12.836,10,excluded_short
438,2022-07-12 00:55:21.168,2022-07-12 00:55:26.068,50,train
439,2022-07-12 00:55:28.258,2022-07-12 00:55:33.058,49,train
440,2022-07-12 00:55:36.468,2022-07-12 00:55:39.768,34,train
441,2022-07-12 00:55:44.751,2022-07-12 00:55:46.351,17,train
442,2022-07-12 00:55:52.785,2022-07-12 00:55:53.085,4,excluded_short
443,2022-07-12 00:56:02.752,2022-07-12 00:56:07.652,50,train
444,2022-07-12 00:56:09.664,2022-07-12 00:56:14.564,50,train
445,2022-07-12 00:56:16.827,2022-07-12 00:56:21.127,44,test_normal
446,2022-07-12 00:56:24.832,2022-07-12 00:56:27.832,31,test_normal
447,2022-07-12 00:56:32.839,2022-07-12 00:56:34.839,21,cal
448,2022-07-12 00:56:40.816,2022-07-12 00:56:41.416,7,excluded_short
449,2022-07-12 00:56:49.884,2022-07-12 00:56:54.784,50,train
450,2022-07-12 00:56:56.793,2022-07-12 00:57:01.493,48,cal
451,2022-07-12 00:57:04.747,2022-07-12 00:57:08.347,37,train
452,2022-07-12 00:57:12.712,2022-07-12 00:57:15.012,24,train
453,2022-07-12 00:57:20.685,2022-07-12 00:57:21.685,11,excluded_short
454,2022-07-12 00:57:30.180,2022-07-12 00:57:35.080,50,test_normal
455,2022-07-12 00:57:36.947,2022-07-12 00:57:41.847,50,train
456,2022-07-12 00:57:44.792,2022-07-12 00:57:48.592,39,val
457,2022-07-12 00:57:52.787,2022-07-12 00:57:55.387,27,train
458,2022-07-12 00:58:00.779,2022-07-12 00:58:02.479,18,train
459,2022-07-12 00:58:08.660,2022-07-12 00:58:09.060,5,excluded_short
460,2022-07-12 00:58:17.587,2022-07-12 00:58:22.487,50,train
461,2022-07-12 00:58:24.593,2022-07-12 00:58:29.293,48,val
462,2022-07-12 00:58:32.643,2022-07-12 00:58:35.943,34,test_normal
463,2022-07-12 00:58:40.588,2022-07-12 00:58:43.888,34,train
464,2022-07-12 00:58:48.559,2022-07-12 00:58:50.459,20,val
465,2022-07-12 00:58:56.518,2022-07-12 00:58:57.218,8,excluded_short
466,2022-07-12 00:59:05.768,2022-07-12 00:59:10.668,50,val
467,2022-07-12 00:59:12.485,2022-07-12 00:59:17.285,49,test_normal
468,2022-07-12 00:59:20.419,2022-07-12 00:59:23.919,36,val
469,2022-07-12 00:59:28.347,2022-07-12 00:59:31.947,37,train
470,2022-07-12 00:59:36.371,2022-07-12 00:59:38.671,24,train
471,2022-07-12 00:59:44.319,2022-07-12 00:59:45.319,11,excluded_short
472,2022-07-12 00:59:53.992,2022-07-12 00:59:58.892,50,cal
473,2022-07-12 01:00:00.660,2022-07-12 01:00:05.560,50,cal
474,2022-07-12 01:00:08.365,2022-07-12 01:00:12.165,39,test_normal
475,2022-07-12 01:00:16.392,2022-07-12 01:00:18.992,27,test_normal
476,2022-07-12 01:00:24.417,2022-07-12 01:00:25.717,14,excluded_short
477,2022-07-12 01:00:34.124,2022-07-12 01:00:39.024,50,train
478,2022-07-12 01:00:40.804,2022-07-12 01:00:45.704,50,train
479,2022-07-12 01:00:50.060,2022-07-12 01:00:54.960,50,train
480,2022-07-12 01:00:56.832,2022-07-12 01:01:01.732,50,train
481,2022-07-12 01:01:04.524,2022-07-12 01:01:08.524,41,test_normal
482,2022-07-12 01:01:13.118,2022-07-12 01:01:18.018,50,train
483,2022-07-12 01:01:20.296,2022-07-12 01:01:24.596,44,test_normal
484,2022-07-12 01:01:28.171,2022-07-12 01:01:32.471,44,train
485,2022-07-12 01:01:36.160,2022-07-12 01:01:40.460,44,train
486,2022-07-12 01:01:44.306,2022-07-12 01:01:48.506,43,train
487,2022-07-12 01:01:52.260,2022-07-12 01:01:55.660,35,train
488,2022-07-12 01:02:00.218,2022-07-12 01:02:02.418,23,train
489,2022-07-12 01:02:08.325,2022-07-12 01:02:10.325,21,train
490,2022-07-12 01:02:16.224,2022-07-12 01:02:16.924,8,excluded_short
491,2022-07-12 01:02:33.380,2022-07-12 01:02:38.280,50,test_normal
492,2022-07-12 01:02:40.198,2022-07-12 01:02:45.098,50,train
493,2022-07-12 01:02:48.171,2022-07-12 01:02:51.971,39,test_normal
494,2022-07-12 01:02:56.132,2022-07-12 01:02:58.732,27,train
495,2022-07-12 01:03:04.194,2022-07-12 01:03:05.594,15,excluded_short
496,2022-07-12 01:03:12.228,2022-07-12 01:03:13.428,13,excluded_short
497,2022-07-12 01:03:22.041,2022-07-12 01:03:26.941,50,test_normal
498,2022-07-12 01:03:29.848,2022-07-12 01:03:34.748,50,val
499,2022-07-12 01:03:36.502,2022-07-12 01:03:41.402,50,train
500,2022-07-12 01:03:44.460,2022-07-12 01:03:48.060,37,train
501,2022-07-12 01:03:52.400,2022-07-12 01:03:54.700,24,val
502,2022-07-12 01:04:00.354,2022-07-12 01:04:01.354,11,excluded_short
503,2022-07-12 01:04:08.260,2022-07-12 01:04:09.460,13,excluded_short
504,2022-07-12 01:04:17.855,2022-07-12 01:04:22.755,50,cal
505,2022-07-12 01:04:24.809,2022-07-12 01:04:29.709,50,train
506,2022-07-12 01:04:32.499,2022-07-12 01:04:36.199,38,train
507,2022-07-12 01:04:40.439,2022-07-12 01:04:43.039,27,train
508,2022-07-12 01:04:48.514,2022-07-12 01:04:49.714,13,excluded_short
509,2022-07-12 01:04:58.256,2022-07-12 01:05:03.156,50,val
510,2022-07-12 01:05:04.844,2022-07-12 01:05:09.744,50,test_normal
511,2022-07-12 01:05:12.740,2022-07-12 01:05:16.440,38,train
512,2022-07-12 01:05:20.820,2022-07-12 01:05:23.320,26,train
513,2022-07-12 01:05:28.740,2022-07-12 01:05:29.940,13,excluded_short
514,2022-07-12 01:05:45.204,2022-07-12 01:05:50.104,50,train
515,2022-07-12 01:05:53.230,2022-07-12 01:05:58.130,50,test_normal
516,2022-07-12 01:06:01.096,2022-07-12 01:06:04.996,40,cal
517,2022-07-12 01:06:09.221,2022-07-12 01:06:11.621,25,val
518,2022-07-12 01:06:17.179,2022-07-12 01:06:18.379,13,excluded_short
519,2022-07-12 01:06:26.758,2022-07-12 01:06:31.658,50,train
520,2022-07-12 01:06:33.408,2022-07-12 01:06:38.308,50,train
521,2022-07-12 01:06:41.133,2022-07-12 01:06:44.933,39,train
522,2022-07-12 01:06:49.173,2022-07-12 01:06:51.573,25,val
523,2022-07-12 01:06:57.151,2022-07-12 01:06:58.151,11,excluded_short
524,2022-07-12 01:07:07.819,2022-07-12 01:07:12.719,50,val
525,2022-07-12 01:07:14.504,2022-07-12 01:07:19.404,50,cal
526,2022-07-12 01:07:21.267,2022-07-12 01:07:26.067,49,val
527,2022-07-12 01:07:29.260,2022-07-12 01:07:32.760,36,cal
528,2022-07-12 01:07:37.255,2022-07-12 01:07:39.655,25,train
529,2022-07-12 01:07:45.179,2022-07-12 01:07:46.179,11,excluded_short
530,2022-07-12 01:07:53.071,2022-07-12 01:07:53.071,1,excluded_short
531,2022-07-12 01:07:54.616,2022-07-12 01:07:59.516,50,train
532,2022-07-12 01:08:01.324,2022-07-12 01:08:06.224,50,train
533,2022-07-12 01:08:09.198,2022-07-12 01:08:12.898,38,train
534,2022-07-12 01:08:17.218,2022-07-12 01:08:19.618,25,cal
535,2022-07-12 01:08:25.251,2022-07-12 01:08:26.151,10,excluded_short
536,2022-07-12 01:08:34.704,2022-07-12 01:08:39.604,50,train
537,2022-07-12 01:08:41.601,2022-07-12 01:08:46.501,50,train
538,2022-07-12 01:08:49.676,2022-07-12 01:08:53.076,35,train
539,2022-07-12 01:08:57.709,2022-07-12 01:08:59.909,23,train
540,2022-07-12 01:09:05.688,2022-07-12 01:09:06.588,10,excluded_short
541,2022-07-12 01:09:13.905,2022-07-12 01:09:14.605,8,excluded_short
542,2022-07-12 01:09:23.128,2022-07-12 01:09:28.028,50,train
543,2022-07-12 01:09:29.681,2022-07-12 01:09:34.581,50,train
544,2022-07-12 01:09:37.774,2022-07-12 01:09:41.274,36,train
545,2022-07-12 01:09:45.835,2022-07-12 01:09:47.935,22,cal
546,2022-07-12 01:09:53.876,2022-07-12 01:09:54.476,7,excluded_short
547,2022-07-12 01:10:01.958,2022-07-12 01:10:02.658,8,excluded_short
548,2022-07-12 01:10:11.168,2022-07-12 01:10:16.068,50,cal
549,2022-07-12 01:10:18.055,2022-07-12 01:10:22.855,49,cal
550,2022-07-12 01:10:26.247,2022-07-12 01:10:30.747,46,train
551,2022-07-12 01:10:34.272,2022-07-12 01:10:38.672,45,train
552,2022-07-12 01:10:42.242,2022-07-12 01:10:45.242,31,train
553,2022-07-12 01:10:50.426,2022-07-12 01:10:52.026,17,train
554,2022-07-12 01:10:58.467,2022-07-12 01:10:58.667,3,excluded_short
555,2022-07-12 01:11:00.537,2022-07-12 01:11:05.437,50,train
556,2022-07-12 01:11:07.348,2022-07-12 01:11:12.248,50,train
557,2022-07-12 01:11:14.704,2022-07-12 01:11:19.104,45,train
558,2022-07-12 01:11:22.827,2022-07-12 01:11:25.727,30,test_normal
559,2022-07-12 01:11:30.788,2022-07-12 01:11:32.588,19,train
560,2022-07-12 01:11:38.853,2022-07-12 01:11:39.253,5,excluded_short
561,2022-07-12 01:11:47.790,2022-07-12 01:11:52.690,50,test_normal
562,2022-07-12 01:11:55.696,2022-07-12 01:12:00.596,50,test_normal
563,2022-07-12 01:12:03.184,2022-07-12 01:12:07.484,44,test_normal
564,2022-07-12 01:12:11.247,2022-07-12 01:12:14.147,30,val
565,2022-07-12 01:12:19.195,2022-07-12 01:12:20.895,18,train
566,2022-07-12 01:12:27.208,2022-07-12 01:12:27.508,4,excluded_short
567,2022-07-12 01:12:29.385,2022-07-12 01:12:34.285,50,cal
568,2022-07-12 01:12:36.055,2022-07-12 01:12:40.955,50,test_normal
569,2022-07-12 01:12:43.312,2022-07-12 01:12:47.612,44,train
570,2022-07-12 01:12:51.468,2022-07-12 01:12:55.568,42,val
571,2022-07-12 01:12:59.519,2022-07-12 01:13:02.419,30,train
572,2022-07-12 01:13:07.457,2022-07-12 01:13:09.357,20,train
573,2022-07-12 01:13:15.417,2022-07-12 01:13:16.117,8,excluded_short
574,2022-07-12 01:13:24.740,2022-07-12 01:13:29.640,50,val
575,2022-07-12 01:13:32.840,2022-07-12 01:13:37.740,50,train
576,2022-07-12 01:13:39.456,2022-07-12 01:13:44.256,49,train
577,2022-07-12 01:13:47.379,2022-07-12 01:13:50.779,35,train
578,2022-07-12 01:13:55.330,2022-07-12 01:13:58.730,35,train
579,2022-07-12 01:14:03.369,2022-07-12 01:14:05.669,24,train
580,2022-07-12 01:14:11.239,2022-07-12 01:14:12.139,10,excluded_short
581,2022-07-12 01:14:28.769,2022-07-12 01:14:33.669,50,train
582,2022-07-12 01:14:35.252,2022-07-12 01:14:40.152,50,cal
583,2022-07-12 01:14:43.335,2022-07-12 01:14:46.935,37,train
584,2022-07-12 01:14:51.439,2022-07-12 01:14:53.839,25,test_normal
585,2022-07-12 01:14:59.376,2022-07-12 01:15:00.376,11,excluded_short
586,2022-07-12 01:15:17.019,2022-07-12 01:15:21.919,50,train
587,2022-07-12 01:15:23.633,2022-07-12 01:15:28.533,50,val
588,2022-07-12 01:15:31.236,2022-07-12 01:15:35.336,42,val
589,2022-07-12 01:15:39.216,2022-07-12 01:15:42.016,29,test_normal
590,2022-07-12 01:15:47.224,2022-07-12 01:15:48.924,18,train
591,2022-07-12 01:15:55.225,2022-07-12 01:15:55.725,6,excluded_short
592,2022-07-12 01:16:04.244,2022-07-12 01:16:09.144,50,val
593,2022-07-12 01:16:11.294,2022-07-12 01:16:15.794,46,train
594,2022-07-12 01:16:19.392,2022-07-12 01:16:22.792,35,train
595,2022-07-12 01:16:27.377,2022-07-12 01:16:29.477,22,train
596,2022-07-12 01:16:35.392,2022-07-12 01:16:36.092,8,excluded_short
597,2022-07-12 01:16:44.524,2022-07-12 01:16:49.424,50,val
598,2022-07-12 01:16:51.528,2022-07-12 01:16:55.828,44,train
