source,split,segment,source_row_start,source_row_end,start_time,end_time,label
normal,train,5,162,177,2022-07-12 00:00:39.756000,2022-07-12 00:00:41.256000,0
normal,train,5,178,193,2022-07-12 00:00:41.356000,2022-07-12 00:00:42.856000,0
normal,train,5,194,209,2022-07-12 00:00:42.956000,2022-07-12 00:00:44.456000,0
normal,train,6,212,227,2022-07-12 00:00:47.676000,2022-07-12 00:00:49.176000,0
normal,train,6,228,243,2022-07-12 00:00:49.276000,2022-07-12 00:00:50.776000,0
normal,train,6,244,259,2022-07-12 00:00:50.876000,2022-07-12 00:00:52.376000,0
normal,train,8,303,318,2022-07-12 00:01:03.576000,2022-07-12 00:01:05.076000,0
normal,train,11,392,407,2022-07-12 00:01:27.857000,2022-07-12 00:01:29.357000,0
normal,train,11,408,423,2022-07-12 00:01:29.457000,2022-07-12 00:01:30.957000,0
normal,train,11,424,439,2022-07-12 00:01:31.057000,2022-07-12 00:01:32.557000,0
normal,train,18,657,672,2022-07-12 00:02:23.876000,2022-07-12 00:02:25.376000,0
normal,train,18,673,688,2022-07-12 00:02:25.476000,2022-07-12 00:02:26.976000,0
normal,train,19,693,708,2022-07-12 00:02:31.936000,2022-07-12 00:02:33.436000,0
normal,train,20,716,731,2022-07-12 00:02:40,2022-07-12 00:02:41.500000,0
normal,train,22,749,764,2022-07-12 00:02:57.334000,2022-07-12 00:02:58.834000,0
normal,train,22,765,780,2022-07-12 00:02:58.934000,2022-07-12 00:03:00.434000,0
normal,train,22,781,796,2022-07-12 00:03:00.534000,2022-07-12 00:03:02.034000,0
normal,train,24,849,864,2022-07-12 00:03:12.129000,2022-07-12 00:03:13.629000,0
normal,train,24,865,880,2022-07-12 00:03:13.729000,2022-07-12 00:03:15.229000,0
normal,train,25,885,900,2022-07-12 00:03:20.215000,2022-07-12 00:03:21.715000,0
normal,train,28,973,988,2022-07-12 00:03:52.544000,2022-07-12 00:03:54.044000,0
normal,train,28,989,1004,2022-07-12 00:03:54.144000,2022-07-12 00:03:55.644000,0
normal,train,28,1005,1020,2022-07-12 00:03:55.744000,2022-07-12 00:03:57.244000,0
normal,train,29,1023,1038,2022-07-12 00:04:00.140000,2022-07-12 00:04:01.640000,0
normal,train,29,1039,1054,2022-07-12 00:04:01.740000,2022-07-12 00:04:03.240000,0
normal,train,30,1065,1080,2022-07-12 00:04:08.213000,2022-07-12 00:04:09.713000,0
normal,train,34,1157,1172,2022-07-12 00:04:32.537000,2022-07-12 00:04:34.037000,0
normal,train,34,1173,1188,2022-07-12 00:04:34.137000,2022-07-12 00:04:35.637000,0
normal,train,34,1189,1204,2022-07-12 00:04:35.737000,2022-07-12 00:04:37.237000,0
normal,train,35,1207,1222,2022-07-12 00:04:40.416000,2022-07-12 00:04:41.916000,0
normal,train,35,1223,1238,2022-07-12 00:04:42.016000,2022-07-12 00:04:43.516000,0
normal,train,36,1245,1260,2022-07-12 00:04:48.455000,2022-07-12 00:04:49.955000,0
normal,train,36,1261,1276,2022-07-12 00:04:50.055000,2022-07-12 00:04:51.555000,0
normal,train,37,1282,1297,2022-07-12 00:04:56.641000,2022-07-12 00:04:58.141000,0
normal,train,41,1331,1346,2022-07-12 00:05:22.496000,2022-07-12 00:05:23.996000,0
normal,train,41,1347,1362,2022-07-12 00:05:24.096000,2022-07-12 00:05:25.596000,0
normal,train,41,1363,1378,2022-07-12 00:05:25.696000,2022-07-12 00:05:27.196000,0
normal,train,42,1381,1396,2022-07-12 00:05:29.007000,2022-07-12 00:05:30.507000,0
normal,train,42,1397,1412,2022-07-12 00:05:30.607000,2022-07-12 00:05:32.107000,0
normal,train,42,1413,1428,2022-07-12 00:05:32.207000,2022-07-12 00:05:33.707000,0
normal,train,44,1474,1489,2022-07-12 00:05:44.604000,2022-07-12 00:05:46.104000,0
normal,train,48,1575,1590,2022-07-12 00:06:09.177000,2022-07-12 00:06:10.677000,0
normal,train,48,1591,1606,2022-07-12 00:06:10.777000,2022-07-12 00:06:12.277000,0
normal,train,48,1607,1622,2022-07-12 00:06:12.377000,2022-07-12 00:06:13.877000,0
normal,train,49,1625,1640,2022-07-12 00:06:16.934000,2022-07-12 00:06:18.434000,0
normal,train,49,1641,1656,2022-07-12 00:06:18.534000,2022-07-12 00:06:20.034000,0
normal,train,50,1665,1680,2022-07-12 00:06:25.547000,2022-07-12 00:06:27.047000,0
normal,train,51,1687,1702,2022-07-12 00:06:29.384000,2022-07-12 00:06:30.884000,0
normal,train,51,1703,1718,2022-07-12 00:06:30.984000,2022-07-12 00:06:32.484000,0
normal,train,51,1719,1734,2022-07-12 00:06:32.584000,2022-07-12 00:06:34.084000,0
normal,train,53,1787,1802,2022-07-12 00:06:43.040000,2022-07-12 00:06:44.540000,0
normal,train,53,1803,1818,2022-07-12 00:06:44.640000,2022-07-12 00:06:46.140000,0
normal,train,53,1819,1834,2022-07-12 00:06:46.240000,2022-07-12 00:06:47.740000,0
normal,train,54,1837,1852,2022-07-12 00:06:49.646000,2022-07-12 00:06:51.146000,0
normal,train,54,1853,1868,2022-07-12 00:06:51.246000,2022-07-12 00:06:52.746000,0
normal,train,54,1869,1884,2022-07-12 00:06:52.846000,2022-07-12 00:06:54.346000,0
normal,train,55,1887,1902,2022-07-12 00:06:57.798000,2022-07-12 00:06:59.298000,0
normal,train,55,1903,1918,2022-07-12 00:06:59.398000,2022-07-12 00:07:00.898000,0
normal,train,55,1919,1934,2022-07-12 00:07:00.998000,2022-07-12 00:07:02.498000,0
normal,train,56,1937,1952,2022-07-12 00:07:04.844000,2022-07-12 00:07:06.344000,0
normal,train,56,1953,1968,2022-07-12 00:07:06.444000,2022-07-12 00:07:07.944000,0
normal,train,56,1969,1984,2022-07-12 00:07:08.044000,2022-07-12 00:07:09.544000,0
normal,train,58,2037,2052,2022-07-12 00:07:19.348000,2022-07-12 00:07:20.848000,0
normal,train,58,2053,2068,2022-07-12 00:07:20.948000,2022-07-12 00:07:22.448000,0
normal,train,58,2069,2084,2022-07-12 00:07:22.548000,2022-07-12 00:07:24.048000,0
normal,train,59,2087,2102,2022-07-12 00:07:25.971000,2022-07-12 00:07:27.471000,0
normal,train,59,2103,2118,2022-07-12 00:07:27.571000,2022-07-12 00:07:29.071000,0
normal,train,59,2119,2134,2022-07-12 00:07:29.171000,2022-07-12 00:07:30.671000,0
normal,train,61,2187,2202,2022-07-12 00:07:39.560000,2022-07-12 00:07:41.060000,0
normal,train,61,2203,2218,2022-07-12 00:07:41.160000,2022-07-12 00:07:42.660000,0
normal,train,61,2219,2234,2022-07-12 00:07:42.760000,2022-07-12 00:07:44.260000,0
normal,train,62,2237,2252,2022-07-12 00:07:46.324000,2022-07-12 00:07:47.824000,0
normal,train,62,2253,2268,2022-07-12 00:07:47.924000,2022-07-12 00:07:49.424000,0
normal,train,62,2269,2284,2022-07-12 00:07:49.524000,2022-07-12 00:07:51.024000,0
normal,train,63,2287,2302,2022-07-12 00:07:52.879000,2022-07-12 00:07:54.379000,0
normal,train,63,2303,2318,2022-07-12 00:07:54.479000,2022-07-12 00:07:55.979000,0
normal,train,63,2319,2334,2022-07-12 00:07:56.079000,2022-07-12 00:07:57.579000,0
normal,train,65,2387,2402,2022-07-12 00:08:06.337000,2022-07-12 00:08:07.837000,0
normal,train,65,2403,2418,2022-07-12 00:08:07.937000,2022-07-12 00:08:09.437000,0
normal,train,65,2419,2434,2022-07-12 00:08:09.537000,2022-07-12 00:08:11.037000,0
normal,train,66,2437,2452,2022-07-12 00:08:13.092000,2022-07-12 00:08:14.592000,0
normal,train,66,2453,2468,2022-07-12 00:08:14.692000,2022-07-12 00:08:16.192000,0
normal,train,66,2469,2484,2022-07-12 00:08:16.292000,2022-07-12 00:08:17.792000,0
normal,train,67,2487,2502,2022-07-12 00:08:26.424000,2022-07-12 00:08:27.924000,0
normal,train,67,2503,2518,2022-07-12 00:08:28.024000,2022-07-12 00:08:29.524000,0
normal,train,67,2519,2534,2022-07-12 00:08:29.624000,2022-07-12 00:08:31.124000,0
normal,train,68,2537,2552,2022-07-12 00:08:33.206000,2022-07-12 00:08:34.706000,0
normal,train,68,2553,2568,2022-07-12 00:08:34.806000,2022-07-12 00:08:36.306000,0
normal,train,68,2569,2584,2022-07-12 00:08:36.406000,2022-07-12 00:08:37.906000,0
normal,train,70,2637,2652,2022-07-12 00:08:46.662000,2022-07-12 00:08:48.162000,0
normal,train,70,2653,2668,2022-07-12 00:08:48.262000,2022-07-12 00:08:49.762000,0
normal,train,70,2669,2684,2022-07-12 00:08:49.862000,2022-07-12 00:08:51.362000,0
normal,train,72,2737,2752,2022-07-12 00:09:00.084000,2022-07-12 00:09:01.584000,0
normal,train,72,2753,2768,2022-07-12 00:09:01.684000,2022-07-12 00:09:03.184000,0
normal,train,72,2769,2784,2022-07-12 00:09:03.284000,2022-07-12 00:09:04.784000,0
normal,train,73,2787,2802,2022-07-12 00:09:06.833000,2022-07-12 00:09:08.333000,0
normal,train,73,2803,2818,2022-07-12 00:09:08.433000,2022-07-12 00:09:09.933000,0
normal,train,73,2819,2834,2022-07-12 00:09:10.033000,2022-07-12 00:09:11.533000,0
normal,train,74,2837,2852,2022-07-12 00:09:13.436000,2022-07-12 00:09:14.936000,0
normal,train,74,2853,2868,2022-07-12 00:09:15.036000,2022-07-12 00:09:16.536000,0
normal,train,74,2869,2884,2022-07-12 00:09:16.636000,2022-07-12 00:09:18.136000,0
normal,train,78,2999,3014,2022-07-12 00:09:41.691000,2022-07-12 00:09:43.191000,0
normal,train,78,3015,3030,2022-07-12 00:09:43.291000,2022-07-12 00:09:44.791000,0
normal,train,78,3031,3046,2022-07-12 00:09:44.891000,2022-07-12 00:09:46.391000,0
normal,train,79,3049,3064,2022-07-12 00:09:48.366000,2022-07-12 00:09:49.866000,0
normal,train,79,3065,3080,2022-07-12 00:09:49.966000,2022-07-12 00:09:51.466000,0
normal,train,79,3081,3096,2022-07-12 00:09:51.566000,2022-07-12 00:09:53.066000,0
normal,train,80,3099,3114,2022-07-12 00:09:55.827000,2022-07-12 00:09:57.327000,0
normal,train,80,3115,3130,2022-07-12 00:09:57.427000,2022-07-12 00:09:58.927000,0
normal,train,81,3141,3156,2022-07-12 00:10:03.867000,2022-07-12 00:10:05.367000,0
normal,train,84,3193,3208,2022-07-12 00:10:28.656000,2022-07-12 00:10:30.156000,0
normal,train,84,3209,3224,2022-07-12 00:10:30.256000,2022-07-12 00:10:31.756000,0
normal,train,84,3225,3240,2022-07-12 00:10:31.856000,2022-07-12 00:10:33.356000,0
normal,train,85,3243,3258,2022-07-12 00:10:35.872000,2022-07-12 00:10:37.372000,0
normal,train,85,3259,3274,2022-07-12 00:10:37.472000,2022-07-12 00:10:38.972000,0
normal,train,86,3289,3304,2022-07-12 00:10:43.851000,2022-07-12 00:10:45.351000,0
normal,train,86,3305,3320,2022-07-12 00:10:45.451000,2022-07-12 00:10:46.951000,0
normal,train,87,3322,3337,2022-07-12 00:10:51.896000,2022-07-12 00:10:53.396000,0
normal,train,89,3357,3372,2022-07-12 00:11:09.294000,2022-07-12 00:11:10.794000,0
normal,train,89,3373,3388,2022-07-12 00:11:10.894000,2022-07-12 00:11:12.394000,0
normal,train,89,3389,3404,2022-07-12 00:11:12.494000,2022-07-12 00:11:13.994000,0
normal,train,90,3407,3422,2022-07-12 00:11:16.040000,2022-07-12 00:11:17.540000,0
normal,train,90,3423,3438,2022-07-12 00:11:17.640000,2022-07-12 00:11:19.140000,0
normal,train,90,3439,3454,2022-07-12 00:11:19.240000,2022-07-12 00:11:20.740000,0
normal,train,92,3492,3507,2022-07-12 00:11:32.266000,2022-07-12 00:11:33.766000,0
normal,train,96,3623,3638,2022-07-12 00:12:04.143000,2022-07-12 00:12:05.643000,0
normal,train,96,3639,3654,2022-07-12 00:12:05.743000,2022-07-12 00:12:07.243000,0
normal,train,97,3661,3676,2022-07-12 00:12:12.164000,2022-07-12 00:12:13.664000,0
normal,train,102,3822,3837,2022-07-12 00:12:52.064000,2022-07-12 00:12:53.564000,0
normal,train,102,3838,3853,2022-07-12 00:12:53.664000,2022-07-12 00:12:55.164000,0
normal,train,105,3935,3950,2022-07-12 00:13:15.873000,2022-07-12 00:13:17.373000,0
normal,train,109,4066,4081,2022-07-12 00:13:47.957000,2022-07-12 00:13:49.457000,0
normal,train,109,4082,4097,2022-07-12 00:13:49.557000,2022-07-12 00:13:51.057000,0
normal,train,110,4103,4118,2022-07-12 00:13:55.976000,2022-07-12 00:13:57.476000,0
normal,train,114,4236,4251,2022-07-12 00:14:27.908000,2022-07-12 00:14:29.408000,0
normal,train,114,4252,4267,2022-07-12 00:14:29.508000,2022-07-12 00:14:31.008000,0
normal,train,116,4303,4318,2022-07-12 00:14:43.837000,2022-07-12 00:14:45.337000,0
normal,train,117,4330,4345,2022-07-12 00:14:51.621000,2022-07-12 00:14:53.121000,0
normal,train,119,4349,4364,2022-07-12 00:15:01.577000,2022-07-12 00:15:03.077000,0
normal,train,119,4365,4380,2022-07-12 00:15:03.177000,2022-07-12 00:15:04.677000,0
normal,train,119,4381,4396,2022-07-12 00:15:04.777000,2022-07-12 00:15:06.277000,0
normal,train,121,4449,4464,2022-07-12 00:15:15.740000,2022-07-12 00:15:17.240000,0
normal,train,121,4465,4480,2022-07-12 00:15:17.340000,2022-07-12 00:15:18.840000,0
normal,train,123,4520,4535,2022-07-12 00:15:31.742000,2022-07-12 00:15:33.242000,0
normal,train,126,4595,4610,2022-07-12 00:15:48.726000,2022-07-12 00:15:50.226000,0
normal,train,126,4611,4626,2022-07-12 00:15:50.326000,2022-07-12 00:15:51.826000,0
normal,train,126,4627,4642,2022-07-12 00:15:51.926000,2022-07-12 00:15:53.426000,0
normal,train,127,4645,4660,2022-07-12 00:15:55.785000,2022-07-12 00:15:57.285000,0
normal,train,127,4661,4676,2022-07-12 00:15:57.385000,2022-07-12 00:15:58.885000,0
normal,train,127,4677,4692,2022-07-12 00:15:58.985000,2022-07-12 00:16:00.485000,0
normal,train,132,4806,4821,2022-07-12 00:16:36.267000,2022-07-12 00:16:37.767000,0
normal,train,132,4822,4837,2022-07-12 00:16:37.867000,2022-07-12 00:16:39.367000,0
normal,train,132,4838,4853,2022-07-12 00:16:39.467000,2022-07-12 00:16:40.967000,0
normal,train,133,4855,4870,2022-07-12 00:16:44.325000,2022-07-12 00:16:45.825000,0
normal,train,133,4871,4886,2022-07-12 00:16:45.925000,2022-07-12 00:16:47.425000,0
normal,train,134,4890,4905,2022-07-12 00:16:52.351000,2022-07-12 00:16:53.851000,0
normal,train,136,4921,4936,2022-07-12 00:17:09.540000,2022-07-12 00:17:11.040000,0
normal,train,136,4937,4952,2022-07-12 00:17:11.140000,2022-07-12 00:17:12.640000,0
normal,train,136,4953,4968,2022-07-12 00:17:12.740000,2022-07-12 00:17:14.240000,0
normal,train,138,5019,5034,2022-07-12 00:17:24.527000,2022-07-12 00:17:26.027000,0
normal,train,138,5035,5050,2022-07-12 00:17:26.127000,2022-07-12 00:17:27.627000,0
normal,train,138,5051,5066,2022-07-12 00:17:27.727000,2022-07-12 00:17:29.227000,0
normal,train,145,5191,5206,2022-07-12 00:18:13.063000,2022-07-12 00:18:14.563000,0
normal,train,145,5207,5222,2022-07-12 00:18:14.663000,2022-07-12 00:18:16.163000,0
normal,train,145,5223,5238,2022-07-12 00:18:16.263000,2022-07-12 00:18:17.763000,0
normal,train,146,5241,5256,2022-07-12 00:18:20.724000,2022-07-12 00:18:22.224000,0
normal,train,146,5257,5272,2022-07-12 00:18:22.324000,2022-07-12 00:18:23.824000,0
normal,train,147,5281,5296,2022-07-12 00:18:28.872000,2022-07-12 00:18:30.372000,0
normal,train,148,5307,5322,2022-07-12 00:18:36.700000,2022-07-12 00:18:38.200000,0
normal,train,155,5501,5516,2022-07-12 00:19:32.476000,2022-07-12 00:19:33.976000,0
normal,train,155,5517,5532,2022-07-12 00:19:34.076000,2022-07-12 00:19:35.576000,0
normal,train,156,5535,5550,2022-07-12 00:19:40.568000,2022-07-12 00:19:42.068000,0
normal,train,159,5610,5625,2022-07-12 00:20:04.636000,2022-07-12 00:20:06.136000,0
normal,train,159,5626,5641,2022-07-12 00:20:06.236000,2022-07-12 00:20:07.736000,0
normal,train,159,5642,5657,2022-07-12 00:20:07.836000,2022-07-12 00:20:09.336000,0
normal,train,161,5698,5713,2022-07-12 00:20:20.537000,2022-07-12 00:20:22.037000,0
normal,train,164,5739,5754,2022-07-12 00:20:45.131000,2022-07-12 00:20:46.631000,0
normal,train,164,5755,5770,2022-07-12 00:20:46.731000,2022-07-12 00:20:48.231000,0
normal,train,164,5771,5786,2022-07-12 00:20:48.331000,2022-07-12 00:20:49.831000,0
normal,train,165,5789,5804,2022-07-12 00:20:52.436000,2022-07-12 00:20:53.936000,0
normal,train,165,5805,5820,2022-07-12 00:20:54.036000,2022-07-12 00:20:55.536000,0
normal,train,167,5864,5879,2022-07-12 00:21:08.408000,2022-07-12 00:21:09.908000,0
normal,train,169,5890,5905,2022-07-12 00:21:25.804000,2022-07-12 00:21:27.304000,0
normal,train,169,5906,5921,2022-07-12 00:21:27.404000,2022-07-12 00:21:28.904000,0
normal,train,169,5922,5937,2022-07-12 00:21:29.004000,2022-07-12 00:21:30.504000,0
normal,train,171,5982,5997,2022-07-12 00:21:41.500000,2022-07-12 00:21:43,0
normal,train,175,6052,6067,2022-07-12 00:22:07.078000,2022-07-12 00:22:08.578000,0
normal,train,175,6068,6083,2022-07-12 00:22:08.678000,2022-07-12 00:22:10.178000,0
normal,train,175,6084,6099,2022-07-12 00:22:10.278000,2022-07-12 00:22:11.778000,0
normal,train,176,6102,6117,2022-07-12 00:22:13.849000,2022-07-12 00:22:15.349000,0
normal,train,176,6118,6133,2022-07-12 00:22:15.449000,2022-07-12 00:22:16.949000,0
normal,train,176,6134,6149,2022-07-12 00:22:17.049000,2022-07-12 00:22:18.549000,0
normal,train,177,6152,6167,2022-07-12 00:22:21.169000,2022-07-12 00:22:22.669000,0
normal,train,177,6168,6183,2022-07-12 00:22:22.769000,2022-07-12 00:22:24.269000,0
normal,train,179,6230,6245,2022-07-12 00:22:37.072000,2022-07-12 00:22:38.572000,0
normal,train,185,6419,6434,2022-07-12 00:23:25.144000,2022-07-12 00:23:26.644000,0
normal,train,187,6450,6465,2022-07-12 00:23:42.270000,2022-07-12 00:23:43.770000,0
normal,train,187,6466,6481,2022-07-12 00:23:43.870000,2022-07-12 00:23:45.370000,0
normal,train,187,6482,6497,2022-07-12 00:23:45.470000,2022-07-12 00:23:46.970000,0
normal,train,190,6586,6601,2022-07-12 00:24:04.940000,2022-07-12 00:24:06.440000,0
normal,train,192,6624,6639,2022-07-12 00:24:22.654000,2022-07-12 00:24:24.154000,0
normal,train,192,6640,6655,2022-07-12 00:24:24.254000,2022-07-12 00:24:25.754000,0
normal,train,192,6656,6671,2022-07-12 00:24:25.854000,2022-07-12 00:24:27.354000,0
normal,train,193,6674,6689,2022-07-12 00:24:29.596000,2022-07-12 00:24:31.096000,0
normal,train,193,6690,6705,2022-07-12 00:24:31.196000,2022-07-12 00:24:32.696000,0
normal,train,193,6706,6721,2022-07-12 00:24:32.796000,2022-07-12 00:24:34.296000,0
normal,train,195,6766,6781,2022-07-12 00:24:45.075000,2022-07-12 00:24:46.575000,0
normal,train,196,6795,6810,2022-07-12 00:24:53.136000,2022-07-12 00:24:54.636000,0
normal,train,198,6819,6834,2022-07-12 00:25:10.148000,2022-07-12 00:25:11.648000,0
normal,train,198,6835,6850,2022-07-12 00:25:11.748000,2022-07-12 00:25:13.248000,0
normal,train,198,6851,6866,2022-07-12 00:25:13.348000,2022-07-12 00:25:14.848000,0
normal,train,200,6918,6933,2022-07-12 00:25:25.093000,2022-07-12 00:25:26.593000,0
normal,train,200,6934,6949,2022-07-12 00:25:26.693000,2022-07-12 00:25:28.193000,0
normal,train,203,6981,6996,2022-07-12 00:25:50.128000,2022-07-12 00:25:51.628000,0
normal,train,203,6997,7012,2022-07-12 00:25:51.728000,2022-07-12 00:25:53.228000,0
normal,train,203,7013,7028,2022-07-12 00:25:53.328000,2022-07-12 00:25:54.828000,0
normal,train,204,7031,7046,2022-07-12 00:25:57.187000,2022-07-12 00:25:58.687000,0
normal,train,204,7047,7062,2022-07-12 00:25:58.787000,2022-07-12 00:26:00.287000,0
normal,train,204,7063,7078,2022-07-12 00:26:00.387000,2022-07-12 00:26:01.887000,0
normal,train,205,7079,7094,2022-07-12 00:26:05.260000,2022-07-12 00:26:06.760000,0
normal,train,205,7095,7110,2022-07-12 00:26:06.860000,2022-07-12 00:26:08.360000,0
normal,train,206,7112,7127,2022-07-12 00:26:13.208000,2022-07-12 00:26:14.708000,0
normal,train,209,7157,7172,2022-07-12 00:26:31.913000,2022-07-12 00:26:33.413000,0
normal,train,209,7173,7188,2022-07-12 00:26:33.513000,2022-07-12 00:26:35.013000,0
normal,train,209,7189,7204,2022-07-12 00:26:35.113000,2022-07-12 00:26:36.613000,0
normal,train,210,7207,7222,2022-07-12 00:26:38.648000,2022-07-12 00:26:40.148000,0
normal,train,210,7223,7238,2022-07-12 00:26:40.248000,2022-07-12 00:26:41.748000,0
normal,train,210,7239,7254,2022-07-12 00:26:41.848000,2022-07-12 00:26:43.348000,0
normal,train,211,7257,7272,2022-07-12 00:26:45.464000,2022-07-12 00:26:46.964000,0
normal,train,211,7273,7288,2022-07-12 00:26:47.064000,2022-07-12 00:26:48.564000,0
normal,train,211,7289,7304,2022-07-12 00:26:48.664000,2022-07-12 00:26:50.164000,0
normal,train,213,7345,7360,2022-07-12 00:27:01.423000,2022-07-12 00:27:02.923000,0
normal,train,218,7490,7505,2022-07-12 00:27:41.443000,2022-07-12 00:27:42.943000,0
normal,train,218,7506,7521,2022-07-12 00:27:43.043000,2022-07-12 00:27:44.543000,0
normal,train,222,7616,7631,2022-07-12 00:28:14.008000,2022-07-12 00:28:15.508000,0
normal,train,222,7632,7647,2022-07-12 00:28:15.608000,2022-07-12 00:28:17.108000,0
normal,train,222,7648,7663,2022-07-12 00:28:17.208000,2022-07-12 00:28:18.708000,0
normal,train,223,7666,7681,2022-07-12 00:28:21.540000,2022-07-12 00:28:23.040000,0
normal,train,223,7682,7697,2022-07-12 00:28:23.140000,2022-07-12 00:28:24.640000,0
normal,train,227,7752,7767,2022-07-12 00:28:54.024000,2022-07-12 00:28:55.524000,0
normal,train,227,7768,7783,2022-07-12 00:28:55.624000,2022-07-12 00:28:57.124000,0
normal,train,227,7784,7799,2022-07-12 00:28:57.224000,2022-07-12 00:28:58.724000,0
normal,train,228,7802,7817,2022-07-12 00:29:02.224000,2022-07-12 00:29:03.724000,0
normal,train,228,7818,7833,2022-07-12 00:29:03.824000,2022-07-12 00:29:05.324000,0
normal,train,228,7834,7849,2022-07-12 00:29:05.424000,2022-07-12 00:29:06.924000,0
normal,train,229,7852,7867,2022-07-12 00:29:09.592000,2022-07-12 00:29:11.092000,0
normal,train,229,7868,7883,2022-07-12 00:29:11.192000,2022-07-12 00:29:12.692000,0
normal,train,230,7895,7910,2022-07-12 00:29:17.574000,2022-07-12 00:29:19.074000,0
normal,train,230,7911,7926,2022-07-12 00:29:19.174000,2022-07-12 00:29:20.674000,0
normal,train,231,7927,7942,2022-07-12 00:29:25.707000,2022-07-12 00:29:27.207000,0
normal,train,234,7997,8012,2022-07-12 00:29:42.284000,2022-07-12 00:29:43.784000,0
normal,train,234,8013,8028,2022-07-12 00:29:43.884000,2022-07-12 00:29:45.384000,0
normal,train,234,8029,8044,2022-07-12 00:29:45.484000,2022-07-12 00:29:46.984000,0
normal,train,236,8088,8103,2022-07-12 00:29:58.044000,2022-07-12 00:29:59.544000,0
normal,train,240,8182,8197,2022-07-12 00:30:22.688000,2022-07-12 00:30:24.188000,0
normal,train,240,8198,8213,2022-07-12 00:30:24.288000,2022-07-12 00:30:25.788000,0
normal,train,240,8214,8229,2022-07-12 00:30:25.888000,2022-07-12 00:30:27.388000,0
normal,train,242,8275,8290,2022-07-12 00:30:38.043000,2022-07-12 00:30:39.543000,0
normal,train,243,8304,8319,2022-07-12 00:30:46.032000,2022-07-12 00:30:47.532000,0
normal,train,245,8326,8341,2022-07-12 00:31:02.945000,2022-07-12 00:31:04.445000,0
normal,train,245,8342,8357,2022-07-12 00:31:04.545000,2022-07-12 00:31:06.045000,0
normal,train,245,8358,8373,2022-07-12 00:31:06.145000,2022-07-12 00:31:07.645000,0
normal,train,246,8376,8391,2022-07-12 00:31:10.998000,2022-07-12 00:31:12.498000,0
normal,train,246,8392,8407,2022-07-12 00:31:12.598000,2022-07-12 00:31:14.098000,0
normal,train,246,8408,8423,2022-07-12 00:31:14.198000,2022-07-12 00:31:15.698000,0
normal,train,247,8426,8441,2022-07-12 00:31:17.932000,2022-07-12 00:31:19.432000,0
normal,train,247,8442,8457,2022-07-12 00:31:19.532000,2022-07-12 00:31:21.032000,0
normal,train,247,8458,8473,2022-07-12 00:31:21.132000,2022-07-12 00:31:22.632000,0
normal,train,251,8543,8558,2022-07-12 00:31:51.200000,2022-07-12 00:31:52.700000,0
normal,train,251,8559,8574,2022-07-12 00:31:52.800000,2022-07-12 00:31:54.300000,0
normal,train,251,8575,8590,2022-07-12 00:31:54.400000,2022-07-12 00:31:55.900000,0
normal,train,252,8593,8608,2022-07-12 00:31:58.020000,2022-07-12 00:31:59.520000,0
normal,train,252,8609,8624,2022-07-12 00:31:59.620000,2022-07-12 00:32:01.120000,0
normal,train,252,8625,8640,2022-07-12 00:32:01.220000,2022-07-12 00:32:02.720000,0
normal,train,254,8681,8696,2022-07-12 00:32:13.976000,2022-07-12 00:32:15.476000,0
normal,train,257,8727,8742,2022-07-12 00:32:38.608000,2022-07-12 00:32:40.108000,0
normal,train,257,8743,8758,2022-07-12 00:32:40.208000,2022-07-12 00:32:41.708000,0
normal,train,257,8759,8774,2022-07-12 00:32:41.808000,2022-07-12 00:32:43.308000,0
normal,train,259,8822,8837,2022-07-12 00:32:53.644000,2022-07-12 00:32:55.144000,0
normal,train,259,8838,8853,2022-07-12 00:32:55.244000,2022-07-12 00:32:56.744000,0
normal,train,260,8854,8869,2022-07-12 00:33:01.594000,2022-07-12 00:33:03.094000,0
normal,train,261,8873,8888,2022-07-12 00:33:09.576000,2022-07-12 00:33:11.076000,0
normal,train,264,8911,8926,2022-07-12 00:33:34.840000,2022-07-12 00:33:36.340000,0
normal,train,264,8927,8942,2022-07-12 00:33:36.440000,2022-07-12 00:33:37.940000,0
normal,train,264,8943,8958,2022-07-12 00:33:38.040000,2022-07-12 00:33:39.540000,0
normal,train,265,8961,8976,2022-07-12 00:33:41.534000,2022-07-12 00:33:43.034000,0
normal,train,265,8977,8992,2022-07-12 00:33:43.134000,2022-07-12 00:33:44.634000,0
normal,train,265,8993,9008,2022-07-12 00:33:44.734000,2022-07-12 00:33:46.234000,0
normal,train,270,9095,9110,2022-07-12 00:34:15.359000,2022-07-12 00:34:16.859000,0
normal,train,270,9111,9126,2022-07-12 00:34:16.959000,2022-07-12 00:34:18.459000,0
normal,train,270,9127,9142,2022-07-12 00:34:18.559000,2022-07-12 00:34:20.059000,0
normal,train,273,9238,9253,2022-07-12 00:34:37.168000,2022-07-12 00:34:38.668000,0
normal,train,273,9254,9269,2022-07-12 00:34:38.768000,2022-07-12 00:34:40.268000,0
normal,train,274,9283,9298,2022-07-12 00:34:45.928000,2022-07-12 00:34:47.428000,0
normal,train,274,9299,9314,2022-07-12 00:34:47.528000,2022-07-12 00:34:49.028000,0
normal,train,274,9315,9330,2022-07-12 00:34:49.128000,2022-07-12 00:34:50.628000,0
normal,train,286,9662,9677,2022-07-12 00:36:14.644000,2022-07-12 00:36:16.144000,0
normal,train,286,9678,9693,2022-07-12 00:36:16.244000,2022-07-12 00:36:17.744000,0
normal,train,286,9694,9709,2022-07-12 00:36:17.844000,2022-07-12 00:36:19.344000,0
normal,train,287,9712,9727,2022-07-12 00:36:21.560000,2022-07-12 00:36:23.060000,0
normal,train,287,9728,9743,2022-07-12 00:36:23.160000,2022-07-12 00:36:24.660000,0
normal,train,287,9744,9759,2022-07-12 00:36:24.760000,2022-07-12 00:36:26.260000,0
normal,train,288,9762,9777,2022-07-12 00:36:29.468000,2022-07-12 00:36:30.968000,0
normal,train,288,9778,9793,2022-07-12 00:36:31.068000,2022-07-12 00:36:32.568000,0
normal,train,289,9798,9813,2022-07-12 00:36:37.428000,2022-07-12 00:36:38.928000,0
normal,train,292,9836,9851,2022-07-12 00:36:55.156000,2022-07-12 00:36:56.656000,0
normal,train,292,9852,9867,2022-07-12 00:36:56.756000,2022-07-12 00:36:58.256000,0
normal,train,292,9868,9883,2022-07-12 00:36:58.356000,2022-07-12 00:36:59.856000,0
normal,train,293,9886,9901,2022-07-12 00:37:02.032000,2022-07-12 00:37:03.532000,0
normal,train,293,9902,9917,2022-07-12 00:37:03.632000,2022-07-12 00:37:05.132000,0
normal,train,293,9918,9933,2022-07-12 00:37:05.232000,2022-07-12 00:37:06.732000,0
normal,train,294,9936,9951,2022-07-12 00:37:09.360000,2022-07-12 00:37:10.860000,0
normal,train,294,9952,9967,2022-07-12 00:37:10.960000,2022-07-12 00:37:12.460000,0
normal,train,295,9978,9993,2022-07-12 00:37:17.426000,2022-07-12 00:37:18.926000,0
normal,train,296,10007,10022,2022-07-12 00:37:25.356000,2022-07-12 00:37:26.856000,0
normal,train,299,10085,10100,2022-07-12 00:37:49.246000,2022-07-12 00:37:50.746000,0
normal,train,299,10101,10116,2022-07-12 00:37:50.846000,2022-07-12 00:37:52.346000,0
normal,train,299,10117,10132,2022-07-12 00:37:52.446000,2022-07-12 00:37:53.946000,0
normal,train,301,10169,10184,2022-07-12 00:38:05.247000,2022-07-12 00:38:06.747000,0
normal,train,303,10198,10213,2022-07-12 00:38:22.496000,2022-07-12 00:38:23.996000,0
normal,train,303,10214,10229,2022-07-12 00:38:24.096000,2022-07-12 00:38:25.596000,0
normal,train,303,10230,10245,2022-07-12 00:38:25.696000,2022-07-12 00:38:27.196000,0
normal,train,305,10298,10313,2022-07-12 00:38:37.296000,2022-07-12 00:38:38.796000,0
normal,train,305,10314,10329,2022-07-12 00:38:38.896000,2022-07-12 00:38:40.396000,0
normal,train,306,10336,10351,2022-07-12 00:38:45.418000,2022-07-12 00:38:46.918000,0
normal,train,306,10352,10367,2022-07-12 00:38:47.018000,2022-07-12 00:38:48.518000,0
normal,train,309,10403,10418,2022-07-12 00:39:10.908000,2022-07-12 00:39:12.408000,0
normal,train,309,10419,10434,2022-07-12 00:39:12.508000,2022-07-12 00:39:14.008000,0
normal,train,309,10435,10450,2022-07-12 00:39:14.108000,2022-07-12 00:39:15.608000,0
normal,train,311,10503,10518,2022-07-12 00:39:25.531000,2022-07-12 00:39:27.031000,0
normal,train,311,10519,10534,2022-07-12 00:39:27.131000,2022-07-12 00:39:28.631000,0
normal,train,313,10565,10580,2022-07-12 00:39:41.284000,2022-07-12 00:39:42.784000,0
normal,train,315,10583,10598,2022-07-12 00:39:51.184000,2022-07-12 00:39:52.684000,0
normal,train,315,10599,10614,2022-07-12 00:39:52.784000,2022-07-12 00:39:54.284000,0
normal,train,315,10615,10630,2022-07-12 00:39:54.384000,2022-07-12 00:39:55.884000,0
normal,train,316,10633,10648,2022-07-12 00:39:57.839000,2022-07-12 00:39:59.339000,0
normal,train,316,10649,10664,2022-07-12 00:39:59.439000,2022-07-12 00:40:00.939000,0
normal,train,316,10665,10680,2022-07-12 00:40:01.039000,2022-07-12 00:40:02.539000,0
normal,train,317,10683,10698,2022-07-12 00:40:05.260000,2022-07-12 00:40:06.760000,0
normal,train,317,10699,10714,2022-07-12 00:40:06.860000,2022-07-12 00:40:08.360000,0
normal,train,318,10725,10740,2022-07-12 00:40:13.200000,2022-07-12 00:40:14.700000,0
normal,train,319,10756,10771,2022-07-12 00:40:21.200000,2022-07-12 00:40:22.700000,0
normal,train,322,10778,10793,2022-07-12 00:40:39.236000,2022-07-12 00:40:40.736000,0
normal,train,322,10794,10809,2022-07-12 00:40:40.836000,2022-07-12 00:40:42.336000,0
normal,train,322,10810,10825,2022-07-12 00:40:42.436000,2022-07-12 00:40:43.936000,0
normal,train,324,10878,10893,2022-07-12 00:40:53.176000,2022-07-12 00:40:54.676000,0
normal,train,324,10894,10909,2022-07-12 00:40:54.776000,2022-07-12 00:40:56.276000,0
normal,train,325,10922,10937,2022-07-12 00:41:01.166000,2022-07-12 00:41:02.666000,0
normal,train,326,10952,10967,2022-07-12 00:41:09.181000,2022-07-12 00:41:10.681000,0
normal,train,328,10974,10989,2022-07-12 00:41:19.199000,2022-07-12 00:41:20.699000,0
normal,train,328,10990,11005,2022-07-12 00:41:20.799000,2022-07-12 00:41:22.299000,0
normal,train,328,11006,11021,2022-07-12 00:41:22.399000,2022-07-12 00:41:23.899000,0
normal,train,329,11024,11039,2022-07-12 00:41:25.865000,2022-07-12 00:41:27.365000,0
normal,train,329,11040,11055,2022-07-12 00:41:27.465000,2022-07-12 00:41:28.965000,0
normal,train,329,11056,11071,2022-07-12 00:41:29.065000,2022-07-12 00:41:30.565000,0
normal,train,330,11074,11089,2022-07-12 00:41:33.240000,2022-07-12 00:41:34.740000,0
normal,train,330,11090,11105,2022-07-12 00:41:34.840000,2022-07-12 00:41:36.340000,0
normal,train,335,11212,11227,2022-07-12 00:42:13.314000,2022-07-12 00:42:14.814000,0
normal,train,335,11228,11243,2022-07-12 00:42:14.914000,2022-07-12 00:42:16.414000,0
normal,train,338,11323,11338,2022-07-12 00:42:37.291000,2022-07-12 00:42:38.791000,0
normal,train,342,11449,11464,2022-07-12 00:43:01.514000,2022-07-12 00:43:03.014000,0
normal,train,342,11465,11480,2022-07-12 00:43:03.114000,2022-07-12 00:43:04.614000,0
normal,train,343,11494,11509,2022-07-12 00:43:09.436000,2022-07-12 00:43:10.936000,0
normal,train,343,11510,11525,2022-07-12 00:43:11.036000,2022-07-12 00:43:12.536000,0
normal,train,344,11528,11543,2022-07-12 00:43:17.444000,2022-07-12 00:43:18.944000,0
normal,train,349,11666,11681,2022-07-12 00:43:49.346000,2022-07-12 00:43:50.846000,0
normal,train,349,11682,11697,2022-07-12 00:43:50.946000,2022-07-12 00:43:52.446000,0
normal,train,351,11735,11750,2022-07-12 00:44:05.295000,2022-07-12 00:44:06.795000,0
normal,train,356,11904,11919,2022-07-12 00:44:37.312000,2022-07-12 00:44:38.812000,0
normal,train,356,11920,11935,2022-07-12 00:44:38.912000,2022-07-12 00:44:40.412000,0
normal,train,357,11936,11951,2022-07-12 00:44:45.286000,2022-07-12 00:44:46.786000,0
normal,train,361,12063,12078,2022-07-12 00:45:17.244000,2022-07-12 00:45:18.744000,0
normal,train,361,12079,12094,2022-07-12 00:45:18.844000,2022-07-12 00:45:20.344000,0
normal,train,361,12095,12110,2022-07-12 00:45:20.444000,2022-07-12 00:45:21.944000,0
normal,train,362,12113,12128,2022-07-12 00:45:25.336000,2022-07-12 00:45:26.836000,0
normal,train,362,12129,12144,2022-07-12 00:45:26.936000,2022-07-12 00:45:28.436000,0
normal,train,365,12177,12192,2022-07-12 00:45:50.892000,2022-07-12 00:45:52.392000,0
normal,train,365,12193,12208,2022-07-12 00:45:52.492000,2022-07-12 00:45:53.992000,0
normal,train,365,12209,12224,2022-07-12 00:45:54.092000,2022-07-12 00:45:55.592000,0
normal,train,366,12227,12242,2022-07-12 00:45:57.561000,2022-07-12 00:45:59.061000,0
normal,train,366,12243,12258,2022-07-12 00:45:59.161000,2022-07-12 00:46:00.661000,0
normal,train,366,12259,12274,2022-07-12 00:46:00.761000,2022-07-12 00:46:02.261000,0
normal,train,367,12277,12292,2022-07-12 00:46:05.548000,2022-07-12 00:46:07.048000,0
normal,train,367,12293,12308,2022-07-12 00:46:07.148000,2022-07-12 00:46:08.648000,0
normal,train,368,12314,12329,2022-07-12 00:46:13.485000,2022-07-12 00:46:14.985000,0
normal,train,371,12357,12372,2022-07-12 00:46:31.584000,2022-07-12 00:46:33.084000,0
normal,train,371,12373,12388,2022-07-12 00:46:33.184000,2022-07-12 00:46:34.684000,0
normal,train,371,12389,12404,2022-07-12 00:46:34.784000,2022-07-12 00:46:36.284000,0
normal,train,375,12530,12545,2022-07-12 00:47:01.644000,2022-07-12 00:47:03.144000,0
normal,train,377,12557,12572,2022-07-12 00:47:11.896000,2022-07-12 00:47:13.396000,0
normal,train,377,12573,12588,2022-07-12 00:47:13.496000,2022-07-12 00:47:14.996000,0
normal,train,377,12589,12604,2022-07-12 00:47:15.096000,2022-07-12 00:47:16.596000,0
normal,train,378,12607,12622,2022-07-12 00:47:18.491000,2022-07-12 00:47:19.991000,0
normal,train,378,12623,12638,2022-07-12 00:47:20.091000,2022-07-12 00:47:21.591000,0
normal,train,378,12639,12654,2022-07-12 00:47:21.691000,2022-07-12 00:47:23.191000,0
normal,train,379,12657,12672,2022-07-12 00:47:25.788000,2022-07-12 00:47:27.288000,0
normal,train,379,12673,12688,2022-07-12 00:47:27.388000,2022-07-12 00:47:28.888000,0
normal,train,380,12700,12715,2022-07-12 00:47:33.787000,2022-07-12 00:47:35.287000,0
normal,train,383,12743,12758,2022-07-12 00:47:59.731000,2022-07-12 00:48:01.231000,0
normal,train,383,12759,12774,2022-07-12 00:48:01.331000,2022-07-12 00:48:02.831000,0
normal,train,383,12775,12790,2022-07-12 00:48:02.931000,2022-07-12 00:48:04.431000,0
normal,train,384,12793,12808,2022-07-12 00:48:06.559000,2022-07-12 00:48:08.059000,0
normal,train,384,12809,12824,2022-07-12 00:48:08.159000,2022-07-12 00:48:09.659000,0
normal,train,384,12825,12840,2022-07-12 00:48:09.759000,2022-07-12 00:48:11.259000,0
normal,train,386,12883,12898,2022-07-12 00:48:22.150000,2022-07-12 00:48:23.650000,0
normal,train,387,12911,12926,2022-07-12 00:48:30.056000,2022-07-12 00:48:31.556000,0
normal,train,395,13111,13126,2022-07-12 00:49:27.367000,2022-07-12 00:49:28.867000,0
normal,train,395,13127,13142,2022-07-12 00:49:28.967000,2022-07-12 00:49:30.467000,0
normal,train,395,13143,13158,2022-07-12 00:49:30.567000,2022-07-12 00:49:32.067000,0
normal,train,396,13161,13176,2022-07-12 00:49:34.708000,2022-07-12 00:49:36.208000,0
normal,train,396,13177,13192,2022-07-12 00:49:36.308000,2022-07-12 00:49:37.808000,0
normal,train,398,13237,13252,2022-07-12 00:49:50.587000,2022-07-12 00:49:52.087000,0
normal,train,401,13316,13331,2022-07-12 00:50:22.836000,2022-07-12 00:50:24.336000,0
normal,train,401,13332,13347,2022-07-12 00:50:24.436000,2022-07-12 00:50:25.936000,0
normal,train,403,13396,13411,2022-07-12 00:50:38.906000,2022-07-12 00:50:40.406000,0
normal,train,406,13479,13494,2022-07-12 00:51:03.048000,2022-07-12 00:51:04.548000,0
normal,train,406,13495,13510,2022-07-12 00:51:04.648000,2022-07-12 00:51:06.148000,0
normal,train,406,13511,13526,2022-07-12 00:51:06.248000,2022-07-12 00:51:07.748000,0
normal,train,412,13705,13720,2022-07-12 00:51:51.236000,2022-07-12 00:51:52.736000,0
normal,train,412,13721,13736,2022-07-12 00:51:52.836000,2022-07-12 00:51:54.336000,0
normal,train,417,13803,13818,2022-07-12 00:52:32.972000,2022-07-12 00:52:34.472000,0
normal,train,417,13819,13834,2022-07-12 00:52:34.572000,2022-07-12 00:52:36.072000,0
normal,train,417,13835,13850,2022-07-12 00:52:36.172000,2022-07-12 00:52:37.672000,0
normal,train,418,13853,13868,2022-07-12 00:52:39.609000,2022-07-12 00:52:41.109000,0
normal,train,418,13869,13884,2022-07-12 00:52:41.209000,2022-07-12 00:52:42.709000,0
normal,train,418,13885,13900,2022-07-12 00:52:42.809000,2022-07-12 00:52:44.309000,0
normal,train,419,13903,13918,2022-07-12 00:52:47.696000,2022-07-12 00:52:49.196000,0
normal,train,419,13919,13934,2022-07-12 00:52:49.296000,2022-07-12 00:52:50.796000,0
normal,train,420,13941,13956,2022-07-12 00:52:55.616000,2022-07-12 00:52:57.116000,0
normal,train,422,13974,13989,2022-07-12 00:53:13.056000,2022-07-12 00:53:14.556000,0
normal,train,422,13990,14005,2022-07-12 00:53:14.656000,2022-07-12 00:53:16.156000,0
normal,train,422,14006,14021,2022-07-12 00:53:16.256000,2022-07-12 00:53:17.756000,0
normal,train,424,14073,14088,2022-07-12 00:53:27.876000,2022-07-12 00:53:29.376000,0
normal,train,424,14089,14104,2022-07-12 00:53:29.476000,2022-07-12 00:53:30.976000,0
normal,train,425,14109,14124,2022-07-12 00:53:35.908000,2022-07-12 00:53:37.408000,0
normal,train,427,14144,14159,2022-07-12 00:53:53.254000,2022-07-12 00:53:54.754000,0
normal,train,427,14160,14175,2022-07-12 00:53:54.854000,2022-07-12 00:53:56.354000,0
normal,train,427,14176,14191,2022-07-12 00:53:56.454000,2022-07-12 00:53:57.954000,0
normal,train,428,14194,14209,2022-07-12 00:54:00.003000,2022-07-12 00:54:01.503000,0
normal,train,428,14210,14225,2022-07-12 00:54:01.603000,2022-07-12 00:54:03.103000,0
normal,train,428,14226,14241,2022-07-12 00:54:03.203000,2022-07-12 00:54:04.703000,0
normal,train,429,14244,14259,2022-07-12 00:54:07.775000,2022-07-12 00:54:09.275000,0
normal,train,429,14260,14275,2022-07-12 00:54:09.375000,2022-07-12 00:54:10.875000,0
normal,train,430,14283,14298,2022-07-12 00:54:15.782000,2022-07-12 00:54:17.282000,0
normal,train,434,14397,14412,2022-07-12 00:54:48.044000,2022-07-12 00:54:49.544000,0
normal,train,434,14413,14428,2022-07-12 00:54:49.644000,2022-07-12 00:54:51.144000,0
normal,train,434,14429,14444,2022-07-12 00:54:51.244000,2022-07-12 00:54:52.744000,0
normal,train,435,14446,14461,2022-07-12 00:54:56.093000,2022-07-12 00:54:57.593000,0
normal,train,435,14462,14477,2022-07-12 00:54:57.693000,2022-07-12 00:54:59.193000,0
normal,train,438,14513,14528,2022-07-12 00:55:21.168000,2022-07-12 00:55:22.668000,0
normal,train,438,14529,14544,2022-07-12 00:55:22.768000,2022-07-12 00:55:24.268000,0
normal,train,438,14545,14560,2022-07-12 00:55:24.368000,2022-07-12 00:55:25.868000,0
normal,train,439,14563,14578,2022-07-12 00:55:28.258000,2022-07-12 00:55:29.758000,0
normal,train,439,14579,14594,2022-07-12 00:55:29.858000,2022-07-12 00:55:31.358000,0
normal,train,439,14595,14610,2022-07-12 00:55:31.458000,2022-07-12 00:55:32.958000,0
normal,train,440,14612,14627,2022-07-12 00:55:36.468000,2022-07-12 00:55:37.968000,0
normal,train,440,14628,14643,2022-07-12 00:55:38.068000,2022-07-12 00:55:39.568000,0
normal,train,441,14646,14661,2022-07-12 00:55:44.751000,2022-07-12 00:55:46.251000,0
normal,train,443,14667,14682,2022-07-12 00:56:02.752000,2022-07-12 00:56:04.252000,0
normal,train,443,14683,14698,2022-07-12 00:56:04.352000,2022-07-12 00:56:05.852000,0
normal,train,443,14699,14714,2022-07-12 00:56:05.952000,2022-07-12 00:56:07.452000,0
normal,train,444,14717,14732,2022-07-12 00:56:09.664000,2022-07-12 00:56:11.164000,0
normal,train,444,14733,14748,2022-07-12 00:56:11.264000,2022-07-12 00:56:12.764000,0
normal,train,444,14749,14764,2022-07-12 00:56:12.864000,2022-07-12 00:56:14.364000,0
normal,train,449,14870,14885,2022-07-12 00:56:49.884000,2022-07-12 00:56:51.384000,0
normal,train,449,14886,14901,2022-07-12 00:56:51.484000,2022-07-12 00:56:52.984000,0
normal,train,449,14902,14917,2022-07-12 00:56:53.084000,2022-07-12 00:56:54.584000,0
normal,train,451,14968,14983,2022-07-12 00:57:04.747000,2022-07-12 00:57:06.247000,0
normal,train,451,14984,14999,2022-07-12 00:57:06.347000,2022-07-12 00:57:07.847000,0
normal,train,452,15005,15020,2022-07-12 00:57:12.712000,2022-07-12 00:57:14.212000,0
normal,train,455,15090,15105,2022-07-12 00:57:36.947000,2022-07-12 00:57:38.447000,0
normal,train,455,15106,15121,2022-07-12 00:57:38.547000,2022-07-12 00:57:40.047000,0
normal,train,455,15122,15137,2022-07-12 00:57:40.147000,2022-07-12 00:57:41.647000,0
normal,train,457,15179,15194,2022-07-12 00:57:52.787000,2022-07-12 00:57:54.287000,0
normal,train,458,15206,15221,2022-07-12 00:58:00.779000,2022-07-12 00:58:02.279000,0
normal,train,460,15229,15244,2022-07-12 00:58:17.587000,2022-07-12 00:58:19.087000,0
normal,train,460,15245,15260,2022-07-12 00:58:19.187000,2022-07-12 00:58:20.687000,0
normal,train,460,15261,15276,2022-07-12 00:58:20.787000,2022-07-12 00:58:22.287000,0
normal,train,463,15361,15376,2022-07-12 00:58:40.588000,2022-07-12 00:58:42.088000,0
normal,train,463,15377,15392,2022-07-12 00:58:42.188000,2022-07-12 00:58:43.688000,0
normal,train,469,15558,15573,2022-07-12 00:59:28.347000,2022-07-12 00:59:29.847000,0
normal,train,469,15574,15589,2022-07-12 00:59:29.947000,2022-07-12 00:59:31.447000,0
normal,train,470,15595,15610,2022-07-12 00:59:36.371000,2022-07-12 00:59:37.871000,0
normal,train,477,15810,15825,2022-07-12 01:00:34.124000,2022-07-12 01:00:35.624000,0
normal,train,477,15826,15841,2022-07-12 01:00:35.724000,2022-07-12 01:00:37.224000,0
normal,train,477,15842,15857,2022-07-12 01:00:37.324000,2022-07-12 01:00:38.824000,0
normal,train,478,15860,15875,2022-07-12 01:00:40.804000,2022-07-12 01:00:42.304000,0
normal,train,478,15876,15891,2022-07-12 01:00:42.404000,2022-07-12 01:00:43.904000,0
normal,train,478,15892,15907,2022-07-12 01:00:44.004000,2022-07-12 01:00:45.504000,0
normal,train,479,15910,15925,2022-07-12 01:00:50.060000,2022-07-12 01:00:51.560000,0
normal,train,479,15926,15941,2022-07-12 01:00:51.660000,2022-07-12 01:00:53.160000,0
normal,train,479,15942,15957,2022-07-12 01:00:53.260000,2022-07-12 01:00:54.760000,0
normal,train,480,15960,15975,2022-07-12 01:00:56.832000,2022-07-12 01:00:58.332000,0
normal,train,480,15976,15991,2022-07-12 01:00:58.432000,2022-07-12 01:00:59.932000,0
normal,train,480,15992,16007,2022-07-12 01:01:00.032000,2022-07-12 01:01:01.532000,0
normal,train,482,16051,16066,2022-07-12 01:01:13.118000,2022-07-12 01:01:14.618000,0
normal,train,482,16067,16082,2022-07-12 01:01:14.718000,2022-07-12 01:01:16.218000,0
normal,train,482,16083,16098,2022-07-12 01:01:16.318000,2022-07-12 01:01:17.818000,0
normal,train,484,16145,16160,2022-07-12 01:01:28.171000,2022-07-12 01:01:29.671000,0
normal,train,484,16161,16176,2022-07-12 01:01:29.771000,2022-07-12 01:01:31.271000,0
normal,train,485,16189,16204,2022-07-12 01:01:36.160000,2022-07-12 01:01:37.660000,0
normal,train,485,16205,16220,2022-07-12 01:01:37.760000,2022-07-12 01:01:39.260000,0
normal,train,486,16233,16248,2022-07-12 01:01:44.306000,2022-07-12 01:01:45.806000,0
normal,train,486,16249,16264,2022-07-12 01:01:45.906000,2022-07-12 01:01:47.406000,0
normal,train,487,16276,16291,2022-07-12 01:01:52.260000,2022-07-12 01:01:53.760000,0
normal,train,487,16292,16307,2022-07-12 01:01:53.860000,2022-07-12 01:01:55.360000,0
normal,train,488,16311,16326,2022-07-12 01:02:00.218000,2022-07-12 01:02:01.718000,0
normal,train,489,16334,16349,2022-07-12 01:02:08.325000,2022-07-12 01:02:09.825000,0
normal,train,492,16413,16428,2022-07-12 01:02:40.198000,2022-07-12 01:02:41.698000,0
normal,train,492,16429,16444,2022-07-12 01:02:41.798000,2022-07-12 01:02:43.298000,0
normal,train,492,16445,16460,2022-07-12 01:02:43.398000,2022-07-12 01:02:44.898000,0
normal,train,494,16502,16517,2022-07-12 01:02:56.132000,2022-07-12 01:02:57.632000,0
normal,train,499,16657,16672,2022-07-12 01:03:36.502000,2022-07-12 01:03:38.002000,0
normal,train,499,16673,16688,2022-07-12 01:03:38.102000,2022-07-12 01:03:39.602000,0
normal,train,499,16689,16704,2022-07-12 01:03:39.702000,2022-07-12 01:03:41.202000,0
normal,train,500,16707,16722,2022-07-12 01:03:44.460000,2022-07-12 01:03:45.960000,0
normal,train,500,16723,16738,2022-07-12 01:03:46.060000,2022-07-12 01:03:47.560000,0
normal,train,505,16842,16857,2022-07-12 01:04:24.809000,2022-07-12 01:04:26.309000,0
normal,train,505,16858,16873,2022-07-12 01:04:26.409000,2022-07-12 01:04:27.909000,0
normal,train,505,16874,16889,2022-07-12 01:04:28.009000,2022-07-12 01:04:29.509000,0
normal,train,506,16892,16907,2022-07-12 01:04:32.499000,2022-07-12 01:04:33.999000,0
normal,train,506,16908,16923,2022-07-12 01:04:34.099000,2022-07-12 01:04:35.599000,0
normal,train,507,16930,16945,2022-07-12 01:04:40.439000,2022-07-12 01:04:41.939000,0
normal,train,511,17070,17085,2022-07-12 01:05:12.740000,2022-07-12 01:05:14.240000,0
normal,train,511,17086,17101,2022-07-12 01:05:14.340000,2022-07-12 01:05:15.840000,0
normal,train,512,17108,17123,2022-07-12 01:05:20.820000,2022-07-12 01:05:22.320000,0
normal,train,514,17147,17162,2022-07-12 01:05:45.204000,2022-07-12 01:05:46.704000,0
normal,train,514,17163,17178,2022-07-12 01:05:46.804000,2022-07-12 01:05:48.304000,0
normal,train,514,17179,17194,2022-07-12 01:05:48.404000,2022-07-12 01:05:49.904000,0
normal,train,519,17325,17340,2022-07-12 01:06:26.758000,2022-07-12 01:06:28.258000,0
normal,train,519,17341,17356,2022-07-12 01:06:28.358000,2022-07-12 01:06:29.858000,0
normal,train,519,17357,17372,2022-07-12 01:06:29.958000,2022-07-12 01:06:31.458000,0
normal,train,520,17375,17390,2022-07-12 01:06:33.408000,2022-07-12 01:06:34.908000,0
normal,train,520,17391,17406,2022-07-12 01:06:35.008000,2022-07-12 01:06:36.508000,0
normal,train,520,17407,17422,2022-07-12 01:06:36.608000,2022-07-12 01:06:38.108000,0
normal,train,521,17425,17440,2022-07-12 01:06:41.133000,2022-07-12 01:06:42.633000,0
normal,train,521,17441,17456,2022-07-12 01:06:42.733000,2022-07-12 01:06:44.233000,0
normal,train,528,17685,17700,2022-07-12 01:07:37.255000,2022-07-12 01:07:38.755000,0
normal,train,531,17722,17737,2022-07-12 01:07:54.616000,2022-07-12 01:07:56.116000,0
normal,train,531,17738,17753,2022-07-12 01:07:56.216000,2022-07-12 01:07:57.716000,0
normal,train,531,17754,17769,2022-07-12 01:07:57.816000,2022-07-12 01:07:59.316000,0
normal,train,532,17772,17787,2022-07-12 01:08:01.324000,2022-07-12 01:08:02.824000,0
normal,train,532,17788,17803,2022-07-12 01:08:02.924000,2022-07-12 01:08:04.424000,0
normal,train,532,17804,17819,2022-07-12 01:08:04.524000,2022-07-12 01:08:06.024000,0
normal,train,533,17822,17837,2022-07-12 01:08:09.198000,2022-07-12 01:08:10.698000,0
normal,train,533,17838,17853,2022-07-12 01:08:10.798000,2022-07-12 01:08:12.298000,0
normal,train,536,17895,17910,2022-07-12 01:08:34.704000,2022-07-12 01:08:36.204000,0
normal,train,536,17911,17926,2022-07-12 01:08:36.304000,2022-07-12 01:08:37.804000,0
normal,train,536,17927,17942,2022-07-12 01:08:37.904000,2022-07-12 01:08:39.404000,0
normal,train,537,17945,17960,2022-07-12 01:08:41.601000,2022-07-12 01:08:43.101000,0
normal,train,537,17961,17976,2022-07-12 01:08:43.201000,2022-07-12 01:08:44.701000,0
normal,train,537,17977,17992,2022-07-12 01:08:44.801000,2022-07-12 01:08:46.301000,0
normal,train,538,17995,18010,2022-07-12 01:08:49.676000,2022-07-12 01:08:51.176000,0
normal,train,538,18011,18026,2022-07-12 01:08:51.276000,2022-07-12 01:08:52.776000,0
normal,train,539,18030,18045,2022-07-12 01:08:57.709000,2022-07-12 01:08:59.209000,0
normal,train,542,18071,18086,2022-07-12 01:09:23.128000,2022-07-12 01:09:24.628000,0
normal,train,542,18087,18102,2022-07-12 01:09:24.728000,2022-07-12 01:09:26.228000,0
normal,train,542,18103,18118,2022-07-12 01:09:26.328000,2022-07-12 01:09:27.828000,0
normal,train,543,18121,18136,2022-07-12 01:09:29.681000,2022-07-12 01:09:31.181000,0
normal,train,543,18137,18152,2022-07-12 01:09:31.281000,2022-07-12 01:09:32.781000,0
normal,train,543,18153,18168,2022-07-12 01:09:32.881000,2022-07-12 01:09:34.381000,0
normal,train,544,18171,18186,2022-07-12 01:09:37.774000,2022-07-12 01:09:39.274000,0
normal,train,544,18187,18202,2022-07-12 01:09:39.374000,2022-07-12 01:09:40.874000,0
normal,train,550,18343,18358,2022-07-12 01:10:26.247000,2022-07-12 01:10:27.747000,0
normal,train,550,18359,18374,2022-07-12 01:10:27.847000,2022-07-12 01:10:29.347000,0
normal,train,551,18389,18404,2022-07-12 01:10:34.272000,2022-07-12 01:10:35.772000,0
normal,train,551,18405,18420,2022-07-12 01:10:35.872000,2022-07-12 01:10:37.372000,0
normal,train,552,18434,18449,2022-07-12 01:10:42.242000,2022-07-12 01:10:43.742000,0
normal,train,553,18465,18480,2022-07-12 01:10:50.426000,2022-07-12 01:10:51.926000,0
normal,train,555,18485,18500,2022-07-12 01:11:00.537000,2022-07-12 01:11:02.037000,0
normal,train,555,18501,18516,2022-07-12 01:11:02.137000,2022-07-12 01:11:03.637000,0
normal,train,555,18517,18532,2022-07-12 01:11:03.737000,2022-07-12 01:11:05.237000,0
normal,train,556,18535,18550,2022-07-12 01:11:07.348000,2022-07-12 01:11:08.848000,0
normal,train,556,18551,18566,2022-07-12 01:11:08.948000,2022-07-12 01:11:10.448000,0
normal,train,556,18567,18582,2022-07-12 01:11:10.548000,2022-07-12 01:11:12.048000,0
normal,train,557,18585,18600,2022-07-12 01:11:14.704000,2022-07-12 01:11:16.204000,0
normal,train,557,18601,18616,2022-07-12 01:11:16.304000,2022-07-12 01:11:17.804000,0
normal,train,559,18660,18675,2022-07-12 01:11:30.788000,2022-07-12 01:11:32.288000,0
normal,train,565,18858,18873,2022-07-12 01:12:19.195000,2022-07-12 01:12:20.695000,0
normal,train,569,18980,18995,2022-07-12 01:12:43.312000,2022-07-12 01:12:44.812000,0
normal,train,569,18996,19011,2022-07-12 01:12:44.912000,2022-07-12 01:12:46.412000,0
normal,train,571,19066,19081,2022-07-12 01:12:59.519000,2022-07-12 01:13:01.019000,0
normal,train,572,19096,19111,2022-07-12 01:13:07.457000,2022-07-12 01:13:08.957000,0
normal,train,575,19174,19189,2022-07-12 01:13:32.840000,2022-07-12 01:13:34.340000,0
normal,train,575,19190,19205,2022-07-12 01:13:34.440000,2022-07-12 01:13:35.940000,0
normal,train,575,19206,19221,2022-07-12 01:13:36.040000,2022-07-12 01:13:37.540000,0
normal,train,576,19224,19239,2022-07-12 01:13:39.456000,2022-07-12 01:13:40.956000,0
normal,train,576,19240,19255,2022-07-12 01:13:41.056000,2022-07-12 01:13:42.556000,0
normal,train,576,19256,19271,2022-07-12 01:13:42.656000,2022-07-12 01:13:44.156000,0
normal,train,577,19273,19288,2022-07-12 01:13:47.379000,2022-07-12 01:13:48.879000,0
normal,train,577,19289,19304,2022-07-12 01:13:48.979000,2022-07-12 01:13:50.479000,0
normal,train,578,19308,19323,2022-07-12 01:13:55.330000,2022-07-12 01:13:56.830000,0
normal,train,578,19324,19339,2022-07-12 01:13:56.930000,2022-07-12 01:13:58.430000,0
normal,train,579,19343,19358,2022-07-12 01:14:03.369000,2022-07-12 01:14:04.869000,0
normal,train,581,19377,19392,2022-07-12 01:14:28.769000,2022-07-12 01:14:30.269000,0
normal,train,581,19393,19408,2022-07-12 01:14:30.369000,2022-07-12 01:14:31.869000,0
normal,train,581,19409,19424,2022-07-12 01:14:31.969000,2022-07-12 01:14:33.469000,0
normal,train,583,19477,19492,2022-07-12 01:14:43.335000,2022-07-12 01:14:44.835000,0
normal,train,583,19493,19508,2022-07-12 01:14:44.935000,2022-07-12 01:14:46.435000,0
normal,train,586,19550,19565,2022-07-12 01:15:17.019000,2022-07-12 01:15:18.519000,0
normal,train,586,19566,19581,2022-07-12 01:15:18.619000,2022-07-12 01:15:20.119000,0
normal,train,586,19582,19597,2022-07-12 01:15:20.219000,2022-07-12 01:15:21.719000,0
normal,train,590,19721,19736,2022-07-12 01:15:47.224000,2022-07-12 01:15:48.724000,0
normal,train,593,19795,19810,2022-07-12 01:16:11.294000,2022-07-12 01:16:12.794000,0
normal,train,593,19811,19826,2022-07-12 01:16:12.894000,2022-07-12 01:16:14.394000,0
normal,train,594,19841,19856,2022-07-12 01:16:19.392000,2022-07-12 01:16:20.892000,0
normal,train,594,19857,19872,2022-07-12 01:16:20.992000,2022-07-12 01:16:22.492000,0
normal,train,595,19876,19891,2022-07-12 01:16:27.377000,2022-07-12 01:16:28.877000,0
normal,train,598,19956,19971,2022-07-12 01:16:51.528000,2022-07-12 01:16:53.028000,0
normal,train,598,19972,19987,2022-07-12 01:16:53.128000,2022-07-12 01:16:54.628000,0
normal,val,4,112,127,2022-07-12 00:00:32.752000,2022-07-12 00:00:34.252000,0
normal,val,4,128,143,2022-07-12 00:00:34.352000,2022-07-12 00:00:35.852000,0
normal,val,4,144,159,2022-07-12 00:00:35.952000,2022-07-12 00:00:37.452000,0
normal,val,7,262,277,2022-07-12 00:00:55.468000,2022-07-12 00:00:56.968000,0
normal,val,7,278,293,2022-07-12 00:00:57.068000,2022-07-12 00:00:58.568000,0
normal,val,12,442,457,2022-07-12 00:01:35.646000,2022-07-12 00:01:37.146000,0
normal,val,12,458,473,2022-07-12 00:01:37.246000,2022-07-12 00:01:38.746000,0
normal,val,13,482,497,2022-07-12 00:01:43.757000,2022-07-12 00:01:45.257000,0
normal,val,27,923,938,2022-07-12 00:03:44.676000,2022-07-12 00:03:46.176000,0
normal,val,27,939,954,2022-07-12 00:03:46.276000,2022-07-12 00:03:47.776000,0
normal,val,27,955,970,2022-07-12 00:03:47.876000,2022-07-12 00:03:49.376000,0
normal,val,33,1107,1122,2022-07-12 00:04:25.827000,2022-07-12 00:04:27.327000,0
normal,val,33,1123,1138,2022-07-12 00:04:27.427000,2022-07-12 00:04:28.927000,0
normal,val,33,1139,1154,2022-07-12 00:04:29.027000,2022-07-12 00:04:30.527000,0
normal,val,52,1737,1752,2022-07-12 00:06:36.231000,2022-07-12 00:06:37.731000,0
normal,val,52,1753,1768,2022-07-12 00:06:37.831000,2022-07-12 00:06:39.331000,0
normal,val,52,1769,1784,2022-07-12 00:06:39.431000,2022-07-12 00:06:40.931000,0
normal,val,69,2587,2602,2022-07-12 00:08:39.956000,2022-07-12 00:08:41.456000,0
normal,val,69,2603,2618,2022-07-12 00:08:41.556000,2022-07-12 00:08:43.056000,0
normal,val,69,2619,2634,2022-07-12 00:08:43.156000,2022-07-12 00:08:44.656000,0
normal,val,82,3172,3187,2022-07-12 00:10:11.896000,2022-07-12 00:10:13.396000,0
normal,val,95,3573,3588,2022-07-12 00:11:56.244000,2022-07-12 00:11:57.744000,0
normal,val,95,3589,3604,2022-07-12 00:11:57.844000,2022-07-12 00:11:59.344000,0
normal,val,95,3605,3620,2022-07-12 00:11:59.444000,2022-07-12 00:12:00.944000,0
normal,val,98,3686,3701,2022-07-12 00:12:20.177000,2022-07-12 00:12:21.677000,0
normal,val,100,3722,3737,2022-07-12 00:12:38.192000,2022-07-12 00:12:39.692000,0
normal,val,100,3738,3753,2022-07-12 00:12:39.792000,2022-07-12 00:12:41.292000,0
normal,val,100,3754,3769,2022-07-12 00:12:41.392000,2022-07-12 00:12:42.892000,0
normal,val,101,3772,3787,2022-07-12 00:12:44.747000,2022-07-12 00:12:46.247000,0
normal,val,101,3788,3803,2022-07-12 00:12:46.347000,2022-07-12 00:12:47.847000,0
normal,val,101,3804,3819,2022-07-12 00:12:47.947000,2022-07-12 00:12:49.447000,0
normal,val,108,4016,4031,2022-07-12 00:13:39.886000,2022-07-12 00:13:41.386000,0
normal,val,108,4032,4047,2022-07-12 00:13:41.486000,2022-07-12 00:13:42.986000,0
normal,val,108,4048,4063,2022-07-12 00:13:43.086000,2022-07-12 00:13:44.586000,0
normal,val,122,4491,4506,2022-07-12 00:15:23.669000,2022-07-12 00:15:25.169000,0
normal,val,129,4729,4744,2022-07-12 00:16:11.955000,2022-07-12 00:16:13.455000,0
normal,val,137,4971,4986,2022-07-12 00:17:16.447000,2022-07-12 00:17:17.947000,0
normal,val,137,4987,5002,2022-07-12 00:17:18.047000,2022-07-12 00:17:19.547000,0
normal,val,137,5003,5018,2022-07-12 00:17:19.647000,2022-07-12 00:17:21.147000,0
normal,val,144,5141,5156,2022-07-12 00:18:06.304000,2022-07-12 00:18:07.804000,0
normal,val,144,5157,5172,2022-07-12 00:18:07.904000,2022-07-12 00:18:09.404000,0
normal,val,144,5173,5188,2022-07-12 00:18:09.504000,2022-07-12 00:18:11.004000,0
normal,val,154,5454,5469,2022-07-12 00:19:24.471000,2022-07-12 00:19:25.971000,0
normal,val,154,5470,5485,2022-07-12 00:19:26.071000,2022-07-12 00:19:27.571000,0
normal,val,158,5560,5575,2022-07-12 00:19:57.844000,2022-07-12 00:19:59.344000,0
normal,val,158,5576,5591,2022-07-12 00:19:59.444000,2022-07-12 00:20:00.944000,0
normal,val,158,5592,5607,2022-07-12 00:20:01.044000,2022-07-12 00:20:02.544000,0
normal,val,170,5940,5955,2022-07-12 00:21:33.358000,2022-07-12 00:21:34.858000,0
normal,val,170,5956,5971,2022-07-12 00:21:34.958000,2022-07-12 00:21:36.458000,0
normal,val,182,6307,6322,2022-07-12 00:23:01.103000,2022-07-12 00:23:02.603000,0
normal,val,182,6323,6338,2022-07-12 00:23:02.703000,2022-07-12 00:23:04.203000,0
normal,val,183,6354,6369,2022-07-12 00:23:09.220000,2022-07-12 00:23:10.720000,0
normal,val,183,6370,6385,2022-07-12 00:23:10.820000,2022-07-12 00:23:12.320000,0
normal,val,189,6550,6565,2022-07-12 00:23:56.987000,2022-07-12 00:23:58.487000,0
normal,val,189,6566,6581,2022-07-12 00:23:58.587000,2022-07-12 00:24:00.087000,0
normal,val,199,6869,6884,2022-07-12 00:25:17.084000,2022-07-12 00:25:18.584000,0
normal,val,199,6885,6900,2022-07-12 00:25:18.684000,2022-07-12 00:25:20.184000,0
normal,val,199,6901,6916,2022-07-12 00:25:20.284000,2022-07-12 00:25:21.784000,0
normal,val,221,7566,7581,2022-07-12 00:28:07.313000,2022-07-12 00:28:08.813000,0
normal,val,221,7582,7597,2022-07-12 00:28:08.913000,2022-07-12 00:28:10.413000,0
normal,val,221,7598,7613,2022-07-12 00:28:10.513000,2022-07-12 00:28:12.013000,0
normal,val,224,7706,7721,2022-07-12 00:28:29.532000,2022-07-12 00:28:31.032000,0
normal,val,233,7947,7962,2022-07-12 00:29:35.745000,2022-07-12 00:29:37.245000,0
normal,val,233,7963,7978,2022-07-12 00:29:37.345000,2022-07-12 00:29:38.845000,0
normal,val,233,7979,7994,2022-07-12 00:29:38.945000,2022-07-12 00:29:40.445000,0
normal,val,249,8511,8526,2022-07-12 00:31:33.901000,2022-07-12 00:31:35.401000,0
normal,val,253,8643,8658,2022-07-12 00:32:05.948000,2022-07-12 00:32:07.448000,0
normal,val,253,8659,8674,2022-07-12 00:32:07.548000,2022-07-12 00:32:09.048000,0
normal,val,271,9145,9160,2022-07-12 00:34:21.987000,2022-07-12 00:34:23.487000,0
normal,val,271,9161,9176,2022-07-12 00:34:23.587000,2022-07-12 00:34:25.087000,0
normal,val,271,9177,9192,2022-07-12 00:34:25.187000,2022-07-12 00:34:26.687000,0
normal,val,280,9449,9464,2022-07-12 00:35:34.214000,2022-07-12 00:35:35.714000,0
normal,val,280,9465,9480,2022-07-12 00:35:35.814000,2022-07-12 00:35:37.314000,0
normal,val,280,9481,9496,2022-07-12 00:35:37.414000,2022-07-12 00:35:38.914000,0
normal,val,281,9499,9514,2022-07-12 00:35:41.235000,2022-07-12 00:35:42.735000,0
normal,val,281,9515,9530,2022-07-12 00:35:42.835000,2022-07-12 00:35:44.335000,0
normal,val,281,9531,9546,2022-07-12 00:35:44.435000,2022-07-12 00:35:45.935000,0
normal,val,283,9580,9595,2022-07-12 00:35:57.296000,2022-07-12 00:35:58.796000,0
normal,val,285,9612,9627,2022-07-12 00:36:07.998000,2022-07-12 00:36:09.498000,0
normal,val,285,9628,9643,2022-07-12 00:36:09.598000,2022-07-12 00:36:11.098000,0
normal,val,285,9644,9659,2022-07-12 00:36:11.198000,2022-07-12 00:36:12.698000,0
normal,val,304,10248,10263,2022-07-12 00:38:29.302000,2022-07-12 00:38:30.802000,0
normal,val,304,10264,10279,2022-07-12 00:38:30.902000,2022-07-12 00:38:32.402000,0
normal,val,304,10280,10295,2022-07-12 00:38:32.502000,2022-07-12 00:38:34.002000,0
normal,val,307,10371,10386,2022-07-12 00:38:53.456000,2022-07-12 00:38:54.956000,0
normal,val,310,10453,10468,2022-07-12 00:39:17.687000,2022-07-12 00:39:19.187000,0
normal,val,310,10469,10484,2022-07-12 00:39:19.287000,2022-07-12 00:39:20.787000,0
normal,val,310,10485,10500,2022-07-12 00:39:20.887000,2022-07-12 00:39:22.387000,0
normal,val,323,10828,10843,2022-07-12 00:40:45.865000,2022-07-12 00:40:47.365000,0
normal,val,323,10844,10859,2022-07-12 00:40:47.465000,2022-07-12 00:40:48.965000,0
normal,val,323,10860,10875,2022-07-12 00:40:49.065000,2022-07-12 00:40:50.565000,0
normal,val,340,11349,11364,2022-07-12 00:42:47.528000,2022-07-12 00:42:49.028000,0
normal,val,340,11365,11380,2022-07-12 00:42:49.128000,2022-07-12 00:42:50.628000,0
normal,val,340,11381,11396,2022-07-12 00:42:50.728000,2022-07-12 00:42:52.228000,0
normal,val,341,11399,11414,2022-07-12 00:42:54.375000,2022-07-12 00:42:55.875000,0
normal,val,341,11415,11430,2022-07-12 00:42:55.975000,2022-07-12 00:42:57.475000,0
normal,val,341,11431,11446,2022-07-12 00:42:57.575000,2022-07-12 00:42:59.075000,0
normal,val,348,11616,11631,2022-07-12 00:43:41.601000,2022-07-12 00:43:43.101000,0
normal,val,348,11632,11647,2022-07-12 00:43:43.201000,2022-07-12 00:43:44.701000,0
normal,val,348,11648,11663,2022-07-12 00:43:44.801000,2022-07-12 00:43:46.301000,0
normal,val,363,12147,12162,2022-07-12 00:45:33.352000,2022-07-12 00:45:34.852000,0
normal,val,390,12982,12997,2022-07-12 00:48:46.796000,2022-07-12 00:48:48.296000,0
normal,val,390,12998,13013,2022-07-12 00:48:48.396000,2022-07-12 00:48:49.896000,0
normal,val,390,13014,13029,2022-07-12 00:48:49.996000,2022-07-12 00:48:51.496000,0
normal,val,391,13032,13047,2022-07-12 00:48:54.584000,2022-07-12 00:48:56.084000,0
normal,val,391,13048,13063,2022-07-12 00:48:56.184000,2022-07-12 00:48:57.684000,0
normal,val,392,13071,13086,2022-07-12 00:49:02.714000,2022-07-12 00:49:04.214000,0
normal,val,402,13362,13377,2022-07-12 00:50:30.952000,2022-07-12 00:50:32.452000,0
normal,val,402,13378,13393,2022-07-12 00:50:32.552000,2022-07-12 00:50:34.052000,0
normal,val,405,13429,13444,2022-07-12 00:50:56.424000,2022-07-12 00:50:57.924000,0
normal,val,405,13445,13460,2022-07-12 00:50:58.024000,2022-07-12 00:50:59.524000,0
normal,val,405,13461,13476,2022-07-12 00:50:59.624000,2022-07-12 00:51:01.124000,0
normal,val,413,13745,13760,2022-07-12 00:51:59.201000,2022-07-12 00:52:00.701000,0
normal,val,431,14311,14326,2022-07-12 00:54:23.963000,2022-07-12 00:54:25.463000,0
normal,val,433,14347,14362,2022-07-12 00:54:41.336000,2022-07-12 00:54:42.836000,0
normal,val,433,14363,14378,2022-07-12 00:54:42.936000,2022-07-12 00:54:44.436000,0
normal,val,433,14379,14394,2022-07-12 00:54:44.536000,2022-07-12 00:54:46.036000,0
normal,val,456,15140,15155,2022-07-12 00:57:44.792000,2022-07-12 00:57:46.292000,0
normal,val,456,15156,15171,2022-07-12 00:57:46.392000,2022-07-12 00:57:47.892000,0
normal,val,461,15279,15294,2022-07-12 00:58:24.593000,2022-07-12 00:58:26.093000,0
normal,val,461,15295,15310,2022-07-12 00:58:26.193000,2022-07-12 00:58:27.693000,0
normal,val,461,15311,15326,2022-07-12 00:58:27.793000,2022-07-12 00:58:29.293000,0
normal,val,464,15395,15410,2022-07-12 00:58:48.559000,2022-07-12 00:58:50.059000,0
normal,val,466,15423,15438,2022-07-12 00:59:05.768000,2022-07-12 00:59:07.268000,0
normal,val,466,15439,15454,2022-07-12 00:59:07.368000,2022-07-12 00:59:08.868000,0
normal,val,466,15455,15470,2022-07-12 00:59:08.968000,2022-07-12 00:59:10.468000,0
normal,val,468,15522,15537,2022-07-12 00:59:20.419000,2022-07-12 00:59:21.919000,0
normal,val,468,15538,15553,2022-07-12 00:59:22.019000,2022-07-12 00:59:23.519000,0
normal,val,498,16607,16622,2022-07-12 01:03:29.848000,2022-07-12 01:03:31.348000,0
normal,val,498,16623,16638,2022-07-12 01:03:31.448000,2022-07-12 01:03:32.948000,0
normal,val,498,16639,16654,2022-07-12 01:03:33.048000,2022-07-12 01:03:34.548000,0
normal,val,501,16744,16759,2022-07-12 01:03:52.400000,2022-07-12 01:03:53.900000,0
normal,val,509,16970,16985,2022-07-12 01:04:58.256000,2022-07-12 01:04:59.756000,0
normal,val,509,16986,17001,2022-07-12 01:04:59.856000,2022-07-12 01:05:01.356000,0
normal,val,509,17002,17017,2022-07-12 01:05:01.456000,2022-07-12 01:05:02.956000,0
normal,val,517,17287,17302,2022-07-12 01:06:09.221000,2022-07-12 01:06:10.721000,0
normal,val,522,17464,17479,2022-07-12 01:06:49.173000,2022-07-12 01:06:50.673000,0
normal,val,524,17500,17515,2022-07-12 01:07:07.819000,2022-07-12 01:07:09.319000,0
normal,val,524,17516,17531,2022-07-12 01:07:09.419000,2022-07-12 01:07:10.919000,0
normal,val,524,17532,17547,2022-07-12 01:07:11.019000,2022-07-12 01:07:12.519000,0
normal,val,526,17600,17615,2022-07-12 01:07:21.267000,2022-07-12 01:07:22.767000,0
normal,val,526,17616,17631,2022-07-12 01:07:22.867000,2022-07-12 01:07:24.367000,0
normal,val,526,17632,17647,2022-07-12 01:07:24.467000,2022-07-12 01:07:25.967000,0
normal,val,564,18828,18843,2022-07-12 01:12:11.247000,2022-07-12 01:12:12.747000,0
normal,val,570,19024,19039,2022-07-12 01:12:51.468000,2022-07-12 01:12:52.968000,0
normal,val,570,19040,19055,2022-07-12 01:12:53.068000,2022-07-12 01:12:54.568000,0
normal,val,574,19124,19139,2022-07-12 01:13:24.740000,2022-07-12 01:13:26.240000,0
normal,val,574,19140,19155,2022-07-12 01:13:26.340000,2022-07-12 01:13:27.840000,0
normal,val,574,19156,19171,2022-07-12 01:13:27.940000,2022-07-12 01:13:29.440000,0
normal,val,587,19600,19615,2022-07-12 01:15:23.633000,2022-07-12 01:15:25.133000,0
normal,val,587,19616,19631,2022-07-12 01:15:25.233000,2022-07-12 01:15:26.733000,0
normal,val,587,19632,19647,2022-07-12 01:15:26.833000,2022-07-12 01:15:28.333000,0
normal,val,588,19650,19665,2022-07-12 01:15:31.236000,2022-07-12 01:15:32.736000,0
normal,val,588,19666,19681,2022-07-12 01:15:32.836000,2022-07-12 01:15:34.336000,0
normal,val,592,19745,19760,2022-07-12 01:16:04.244000,2022-07-12 01:16:05.744000,0
normal,val,592,19761,19776,2022-07-12 01:16:05.844000,2022-07-12 01:16:07.344000,0
normal,val,592,19777,19792,2022-07-12 01:16:07.444000,2022-07-12 01:16:08.944000,0
normal,val,597,19906,19921,2022-07-12 01:16:44.524000,2022-07-12 01:16:46.024000,0
normal,val,597,19922,19937,2022-07-12 01:16:46.124000,2022-07-12 01:16:47.624000,0
normal,val,597,19938,19953,2022-07-12 01:16:47.724000,2022-07-12 01:16:49.224000,0
normal,cal,0,0,15,2022-07-12 00:00:00.019000,2022-07-12 00:00:01.519000,0
normal,cal,0,16,31,2022-07-12 00:00:01.619000,2022-07-12 00:00:03.119000,0
normal,cal,15,521,536,2022-07-12 00:02:01.294000,2022-07-12 00:02:02.794000,0
normal,cal,15,537,552,2022-07-12 00:02:02.894000,2022-07-12 00:02:04.394000,0
normal,cal,15,553,568,2022-07-12 00:02:04.494000,2022-07-12 00:02:05.994000,0
normal,cal,17,621,636,2022-07-12 00:02:15.921000,2022-07-12 00:02:17.421000,0
normal,cal,17,637,652,2022-07-12 00:02:17.521000,2022-07-12 00:02:19.021000,0
normal,cal,23,799,814,2022-07-12 00:03:04,2022-07-12 00:03:05.500000,0
normal,cal,23,815,830,2022-07-12 00:03:05.600000,2022-07-12 00:03:07.100000,0
normal,cal,23,831,846,2022-07-12 00:03:07.200000,2022-07-12 00:03:08.700000,0
normal,cal,45,1503,1518,2022-07-12 00:05:52.492000,2022-07-12 00:05:53.992000,0
normal,cal,76,2937,2952,2022-07-12 00:09:28.152000,2022-07-12 00:09:29.652000,0
normal,cal,76,2953,2968,2022-07-12 00:09:29.752000,2022-07-12 00:09:31.252000,0
normal,cal,76,2969,2984,2022-07-12 00:09:31.352000,2022-07-12 00:09:32.852000,0
normal,cal,91,3456,3471,2022-07-12 00:11:24.056000,2022-07-12 00:11:25.556000,0
normal,cal,91,3472,3487,2022-07-12 00:11:25.656000,2022-07-12 00:11:27.156000,0
normal,cal,103,3867,3882,2022-07-12 00:13:00.089000,2022-07-12 00:13:01.589000,0
normal,cal,103,3883,3898,2022-07-12 00:13:01.689000,2022-07-12 00:13:03.189000,0
normal,cal,112,4136,4151,2022-07-12 00:14:13.584000,2022-07-12 00:14:15.084000,0
normal,cal,112,4152,4167,2022-07-12 00:14:15.184000,2022-07-12 00:14:16.684000,0
normal,cal,112,4168,4183,2022-07-12 00:14:16.784000,2022-07-12 00:14:18.284000,0
normal,cal,113,4186,4201,2022-07-12 00:14:20.310000,2022-07-12 00:14:21.810000,0
normal,cal,113,4202,4217,2022-07-12 00:14:21.910000,2022-07-12 00:14:23.410000,0
normal,cal,113,4218,4233,2022-07-12 00:14:23.510000,2022-07-12 00:14:25.010000,0
normal,cal,120,4399,4414,2022-07-12 00:15:08.384000,2022-07-12 00:15:09.884000,0
normal,cal,120,4415,4430,2022-07-12 00:15:09.984000,2022-07-12 00:15:11.484000,0
normal,cal,120,4431,4446,2022-07-12 00:15:11.584000,2022-07-12 00:15:13.084000,0
normal,cal,125,4545,4560,2022-07-12 00:15:41.948000,2022-07-12 00:15:43.448000,0
normal,cal,125,4561,4576,2022-07-12 00:15:43.548000,2022-07-12 00:15:45.048000,0
normal,cal,125,4577,4592,2022-07-12 00:15:45.148000,2022-07-12 00:15:46.648000,0
normal,cal,139,5067,5082,2022-07-12 00:17:32.480000,2022-07-12 00:17:33.980000,0
normal,cal,139,5083,5098,2022-07-12 00:17:34.080000,2022-07-12 00:17:35.580000,0
normal,cal,152,5354,5369,2022-07-12 00:19:09.428000,2022-07-12 00:19:10.928000,0
normal,cal,152,5370,5385,2022-07-12 00:19:11.028000,2022-07-12 00:19:12.528000,0
normal,cal,152,5386,5401,2022-07-12 00:19:12.628000,2022-07-12 00:19:14.128000,0
normal,cal,160,5660,5675,2022-07-12 00:20:12.569000,2022-07-12 00:20:14.069000,0
normal,cal,160,5676,5691,2022-07-12 00:20:14.169000,2022-07-12 00:20:15.669000,0
normal,cal,178,6198,6213,2022-07-12 00:22:29.076000,2022-07-12 00:22:30.576000,0
normal,cal,178,6214,6229,2022-07-12 00:22:30.676000,2022-07-12 00:22:32.176000,0
normal,cal,188,6500,6515,2022-07-12 00:23:48.975000,2022-07-12 00:23:50.475000,0
normal,cal,188,6516,6531,2022-07-12 00:23:50.575000,2022-07-12 00:23:52.075000,0
normal,cal,188,6532,6547,2022-07-12 00:23:52.175000,2022-07-12 00:23:53.675000,0
normal,cal,201,6951,6966,2022-07-12 00:25:33.044000,2022-07-12 00:25:34.544000,0
normal,cal,216,7390,7405,2022-07-12 00:27:27.011000,2022-07-12 00:27:28.511000,0
normal,cal,216,7406,7421,2022-07-12 00:27:28.611000,2022-07-12 00:27:30.111000,0
normal,cal,216,7422,7437,2022-07-12 00:27:30.211000,2022-07-12 00:27:31.711000,0
normal,cal,217,7440,7455,2022-07-12 00:27:33.464000,2022-07-12 00:27:34.964000,0
normal,cal,217,7456,7471,2022-07-12 00:27:35.064000,2022-07-12 00:27:36.564000,0
normal,cal,217,7472,7487,2022-07-12 00:27:36.664000,2022-07-12 00:27:38.164000,0
normal,cal,248,8476,8491,2022-07-12 00:31:25.907000,2022-07-12 00:31:27.407000,0
normal,cal,248,8492,8507,2022-07-12 00:31:27.507000,2022-07-12 00:31:29.007000,0
normal,cal,267,9050,9065,2022-07-12 00:33:57.398000,2022-07-12 00:33:58.898000,0
normal,cal,276,9380,9395,2022-07-12 00:35:01.171000,2022-07-12 00:35:02.671000,0
normal,cal,276,9396,9411,2022-07-12 00:35:02.771000,2022-07-12 00:35:04.271000,0
normal,cal,277,9412,9427,2022-07-12 00:35:09.147000,2022-07-12 00:35:10.647000,0
normal,cal,300,10133,10148,2022-07-12 00:37:57.236000,2022-07-12 00:37:58.736000,0
normal,cal,300,10149,10164,2022-07-12 00:37:58.836000,2022-07-12 00:38:00.336000,0
normal,cal,312,10541,10556,2022-07-12 00:39:33.471000,2022-07-12 00:39:34.971000,0
normal,cal,334,11162,11177,2022-07-12 00:42:06.134000,2022-07-12 00:42:07.634000,0
normal,cal,334,11178,11193,2022-07-12 00:42:07.734000,2022-07-12 00:42:09.234000,0
normal,cal,334,11194,11209,2022-07-12 00:42:09.334000,2022-07-12 00:42:10.834000,0
normal,cal,350,11707,11722,2022-07-12 00:43:57.268000,2022-07-12 00:43:58.768000,0
normal,cal,355,11858,11873,2022-07-12 00:44:29.332000,2022-07-12 00:44:30.832000,0
normal,cal,355,11874,11889,2022-07-12 00:44:30.932000,2022-07-12 00:44:32.432000,0
normal,cal,359,11963,11978,2022-07-12 00:45:02.356000,2022-07-12 00:45:03.856000,0
normal,cal,359,11979,11994,2022-07-12 00:45:03.956000,2022-07-12 00:45:05.456000,0
normal,cal,359,11995,12010,2022-07-12 00:45:05.556000,2022-07-12 00:45:07.056000,0
normal,cal,372,12407,12422,2022-07-12 00:46:38.256000,2022-07-12 00:46:39.756000,0
normal,cal,372,12423,12438,2022-07-12 00:46:39.856000,2022-07-12 00:46:41.356000,0
normal,cal,372,12439,12454,2022-07-12 00:46:41.456000,2022-07-12 00:46:42.956000,0
normal,cal,385,12843,12858,2022-07-12 00:48:14.176000,2022-07-12 00:48:15.676000,0
normal,cal,385,12859,12874,2022-07-12 00:48:15.776000,2022-07-12 00:48:17.276000,0
normal,cal,389,12932,12947,2022-07-12 00:48:40.145000,2022-07-12 00:48:41.645000,0
normal,cal,389,12948,12963,2022-07-12 00:48:41.745000,2022-07-12 00:48:43.245000,0
normal,cal,389,12964,12979,2022-07-12 00:48:43.345000,2022-07-12 00:48:44.845000,0
normal,cal,410,13605,13620,2022-07-12 00:51:36.856000,2022-07-12 00:51:38.356000,0
normal,cal,410,13621,13636,2022-07-12 00:51:38.456000,2022-07-12 00:51:39.956000,0
normal,cal,410,13637,13652,2022-07-12 00:51:40.056000,2022-07-12 00:51:41.556000,0
normal,cal,411,13655,13670,2022-07-12 00:51:43.448000,2022-07-12 00:51:44.948000,0
normal,cal,411,13671,13686,2022-07-12 00:51:45.048000,2022-07-12 00:51:46.548000,0
normal,cal,411,13687,13702,2022-07-12 00:51:46.648000,2022-07-12 00:51:48.148000,0
normal,cal,436,14481,14496,2022-07-12 00:55:04.088000,2022-07-12 00:55:05.588000,0
normal,cal,447,14842,14857,2022-07-12 00:56:32.839000,2022-07-12 00:56:34.339000,0
normal,cal,450,14920,14935,2022-07-12 00:56:56.793000,2022-07-12 00:56:58.293000,0
normal,cal,450,14936,14951,2022-07-12 00:56:58.393000,2022-07-12 00:56:59.893000,0
normal,cal,450,14952,14967,2022-07-12 00:56:59.993000,2022-07-12 00:57:01.493000,0
normal,cal,472,15630,15645,2022-07-12 00:59:53.992000,2022-07-12 00:59:55.492000,0
normal,cal,472,15646,15661,2022-07-12 00:59:55.592000,2022-07-12 00:59:57.092000,0
normal,cal,472,15662,15677,2022-07-12 00:59:57.192000,2022-07-12 00:59:58.692000,0
normal,cal,473,15680,15695,2022-07-12 01:00:00.660000,2022-07-12 01:00:02.160000,0
normal,cal,473,15696,15711,2022-07-12 01:00:02.260000,2022-07-12 01:00:03.760000,0
normal,cal,473,15712,15727,2022-07-12 01:00:03.860000,2022-07-12 01:00:05.360000,0
normal,cal,504,16792,16807,2022-07-12 01:04:17.855000,2022-07-12 01:04:19.355000,0
normal,cal,504,16808,16823,2022-07-12 01:04:19.455000,2022-07-12 01:04:20.955000,0
normal,cal,504,16824,16839,2022-07-12 01:04:21.055000,2022-07-12 01:04:22.555000,0
normal,cal,516,17247,17262,2022-07-12 01:06:01.096000,2022-07-12 01:06:02.596000,0
normal,cal,516,17263,17278,2022-07-12 01:06:02.696000,2022-07-12 01:06:04.196000,0
normal,cal,525,17550,17565,2022-07-12 01:07:14.504000,2022-07-12 01:07:16.004000,0
normal,cal,525,17566,17581,2022-07-12 01:07:16.104000,2022-07-12 01:07:17.604000,0
normal,cal,525,17582,17597,2022-07-12 01:07:17.704000,2022-07-12 01:07:19.204000,0
normal,cal,527,17649,17664,2022-07-12 01:07:29.260000,2022-07-12 01:07:30.760000,0
normal,cal,527,17665,17680,2022-07-12 01:07:30.860000,2022-07-12 01:07:32.360000,0
normal,cal,534,17860,17875,2022-07-12 01:08:17.218000,2022-07-12 01:08:18.718000,0
normal,cal,545,18207,18222,2022-07-12 01:09:45.835000,2022-07-12 01:09:47.335000,0
normal,cal,548,18244,18259,2022-07-12 01:10:11.168000,2022-07-12 01:10:12.668000,0
normal,cal,548,18260,18275,2022-07-12 01:10:12.768000,2022-07-12 01:10:14.268000,0
normal,cal,548,18276,18291,2022-07-12 01:10:14.368000,2022-07-12 01:10:15.868000,0
normal,cal,549,18294,18309,2022-07-12 01:10:18.055000,2022-07-12 01:10:19.555000,0
normal,cal,549,18310,18325,2022-07-12 01:10:19.655000,2022-07-12 01:10:21.155000,0
normal,cal,549,18326,18341,2022-07-12 01:10:21.255000,2022-07-12 01:10:22.755000,0
normal,cal,567,18880,18895,2022-07-12 01:12:29.385000,2022-07-12 01:12:30.885000,0
normal,cal,567,18896,18911,2022-07-12 01:12:30.985000,2022-07-12 01:12:32.485000,0
normal,cal,567,18912,18927,2022-07-12 01:12:32.585000,2022-07-12 01:12:34.085000,0
normal,cal,582,19427,19442,2022-07-12 01:14:35.252000,2022-07-12 01:14:36.752000,0
normal,cal,582,19443,19458,2022-07-12 01:14:36.852000,2022-07-12 01:14:38.352000,0
normal,cal,582,19459,19474,2022-07-12 01:14:38.452000,2022-07-12 01:14:39.952000,0
normal,test_normal,1,41,56,2022-07-12 00:00:07.224000,2022-07-12 00:00:08.724000,0
normal,test_normal,1,57,72,2022-07-12 00:00:08.824000,2022-07-12 00:00:10.324000,0
normal,test_normal,2,78,93,2022-07-12 00:00:15.267000,2022-07-12 00:00:16.767000,0
normal,test_normal,10,342,357,2022-07-12 00:01:21.222000,2022-07-12 00:01:22.722000,0
normal,test_normal,10,358,373,2022-07-12 00:01:22.822000,2022-07-12 00:01:24.322000,0
normal,test_normal,10,374,389,2022-07-12 00:01:24.422000,2022-07-12 00:01:25.922000,0
normal,test_normal,16,571,586,2022-07-12 00:02:07.924000,2022-07-12 00:02:09.424000,0
normal,test_normal,16,587,602,2022-07-12 00:02:09.524000,2022-07-12 00:02:11.024000,0
normal,test_normal,16,603,618,2022-07-12 00:02:11.124000,2022-07-12 00:02:12.624000,0
normal,test_normal,43,1431,1446,2022-07-12 00:05:36.499000,2022-07-12 00:05:37.999000,0
normal,test_normal,43,1447,1462,2022-07-12 00:05:38.099000,2022-07-12 00:05:39.599000,0
normal,test_normal,47,1525,1540,2022-07-12 00:06:02.560000,2022-07-12 00:06:04.060000,0
normal,test_normal,47,1541,1556,2022-07-12 00:06:04.160000,2022-07-12 00:06:05.660000,0
normal,test_normal,47,1557,1572,2022-07-12 00:06:05.760000,2022-07-12 00:06:07.260000,0
normal,test_normal,57,1987,2002,2022-07-12 00:07:12.647000,2022-07-12 00:07:14.147000,0
normal,test_normal,57,2003,2018,2022-07-12 00:07:14.247000,2022-07-12 00:07:15.747000,0
normal,test_normal,57,2019,2034,2022-07-12 00:07:15.847000,2022-07-12 00:07:17.347000,0
normal,test_normal,60,2137,2152,2022-07-12 00:07:32.847000,2022-07-12 00:07:34.347000,0
normal,test_normal,60,2153,2168,2022-07-12 00:07:34.447000,2022-07-12 00:07:35.947000,0
normal,test_normal,60,2169,2184,2022-07-12 00:07:36.047000,2022-07-12 00:07:37.547000,0
normal,test_normal,64,2337,2352,2022-07-12 00:07:59.767000,2022-07-12 00:08:01.267000,0
normal,test_normal,64,2353,2368,2022-07-12 00:08:01.367000,2022-07-12 00:08:02.867000,0
normal,test_normal,64,2369,2384,2022-07-12 00:08:02.967000,2022-07-12 00:08:04.467000,0
normal,test_normal,71,2687,2702,2022-07-12 00:08:53.480000,2022-07-12 00:08:54.980000,0
normal,test_normal,71,2703,2718,2022-07-12 00:08:55.080000,2022-07-12 00:08:56.580000,0
normal,test_normal,71,2719,2734,2022-07-12 00:08:56.680000,2022-07-12 00:08:58.180000,0
normal,test_normal,75,2887,2902,2022-07-12 00:09:20.084000,2022-07-12 00:09:21.584000,0
normal,test_normal,75,2903,2918,2022-07-12 00:09:21.684000,2022-07-12 00:09:23.184000,0
normal,test_normal,75,2919,2934,2022-07-12 00:09:23.284000,2022-07-12 00:09:24.784000,0
normal,test_normal,94,3523,3538,2022-07-12 00:11:49.526000,2022-07-12 00:11:51.026000,0
normal,test_normal,94,3539,3554,2022-07-12 00:11:51.126000,2022-07-12 00:11:52.626000,0
normal,test_normal,94,3555,3570,2022-07-12 00:11:52.726000,2022-07-12 00:11:54.226000,0
normal,test_normal,104,3901,3916,2022-07-12 00:13:07.971000,2022-07-12 00:13:09.471000,0
normal,test_normal,104,3917,3932,2022-07-12 00:13:09.571000,2022-07-12 00:13:11.071000,0
normal,test_normal,107,3966,3981,2022-07-12 00:13:33.336000,2022-07-12 00:13:34.836000,0
normal,test_normal,107,3982,3997,2022-07-12 00:13:34.936000,2022-07-12 00:13:36.436000,0
normal,test_normal,107,3998,4013,2022-07-12 00:13:36.536000,2022-07-12 00:13:38.036000,0
normal,test_normal,115,4276,4291,2022-07-12 00:14:35.936000,2022-07-12 00:14:37.436000,0
normal,test_normal,128,4693,4708,2022-07-12 00:16:03.804000,2022-07-12 00:16:05.304000,0
normal,test_normal,128,4709,4724,2022-07-12 00:16:05.404000,2022-07-12 00:16:06.904000,0
normal,test_normal,131,4756,4771,2022-07-12 00:16:29.364000,2022-07-12 00:16:30.864000,0
normal,test_normal,131,4772,4787,2022-07-12 00:16:30.964000,2022-07-12 00:16:32.464000,0
normal,test_normal,131,4788,4803,2022-07-12 00:16:32.564000,2022-07-12 00:16:34.064000,0
normal,test_normal,140,5102,5117,2022-07-12 00:17:40.504000,2022-07-12 00:17:42.004000,0
normal,test_normal,153,5404,5419,2022-07-12 00:19:17.374000,2022-07-12 00:19:18.874000,0
normal,test_normal,153,5420,5435,2022-07-12 00:19:18.974000,2022-07-12 00:19:20.474000,0
normal,test_normal,153,5436,5451,2022-07-12 00:19:20.574000,2022-07-12 00:19:22.074000,0
normal,test_normal,166,5832,5847,2022-07-12 00:21:00.416000,2022-07-12 00:21:01.916000,0
normal,test_normal,166,5848,5863,2022-07-12 00:21:02.016000,2022-07-12 00:21:03.516000,0
normal,test_normal,172,6009,6024,2022-07-12 00:21:49.428000,2022-07-12 00:21:50.928000,0
normal,test_normal,181,6257,6272,2022-07-12 00:22:53.936000,2022-07-12 00:22:55.436000,0
normal,test_normal,181,6273,6288,2022-07-12 00:22:55.536000,2022-07-12 00:22:57.036000,0
normal,test_normal,181,6289,6304,2022-07-12 00:22:57.136000,2022-07-12 00:22:58.636000,0
normal,test_normal,184,6386,6401,2022-07-12 00:23:17.204000,2022-07-12 00:23:18.704000,0
normal,test_normal,184,6402,6417,2022-07-12 00:23:18.804000,2022-07-12 00:23:20.304000,0
normal,test_normal,194,6724,6739,2022-07-12 00:24:37.006000,2022-07-12 00:24:38.506000,0
normal,test_normal,194,6740,6755,2022-07-12 00:24:38.606000,2022-07-12 00:24:40.106000,0
normal,test_normal,212,7307,7322,2022-07-12 00:26:53.334000,2022-07-12 00:26:54.834000,0
normal,test_normal,212,7323,7338,2022-07-12 00:26:54.934000,2022-07-12 00:26:56.434000,0
normal,test_normal,219,7528,7543,2022-07-12 00:27:49.507000,2022-07-12 00:27:51.007000,0
normal,test_normal,235,8047,8062,2022-07-12 00:29:50.008000,2022-07-12 00:29:51.508000,0
normal,test_normal,235,8063,8078,2022-07-12 00:29:51.608000,2022-07-12 00:29:53.108000,0
normal,test_normal,239,8132,8147,2022-07-12 00:30:15.875000,2022-07-12 00:30:17.375000,0
normal,test_normal,239,8148,8163,2022-07-12 00:30:17.475000,2022-07-12 00:30:18.975000,0
normal,test_normal,239,8164,8179,2022-07-12 00:30:19.075000,2022-07-12 00:30:20.575000,0
normal,test_normal,241,8232,8247,2022-07-12 00:30:29.999000,2022-07-12 00:30:31.499000,0
normal,test_normal,241,8248,8263,2022-07-12 00:30:31.599000,2022-07-12 00:30:33.099000,0
normal,test_normal,258,8777,8792,2022-07-12 00:32:45.771000,2022-07-12 00:32:47.271000,0
normal,test_normal,258,8793,8808,2022-07-12 00:32:47.371000,2022-07-12 00:32:48.871000,0
normal,test_normal,266,9011,9026,2022-07-12 00:33:49.428000,2022-07-12 00:33:50.928000,0
normal,test_normal,266,9027,9042,2022-07-12 00:33:51.028000,2022-07-12 00:33:52.528000,0
normal,test_normal,272,9195,9210,2022-07-12 00:34:29.244000,2022-07-12 00:34:30.744000,0
normal,test_normal,272,9211,9226,2022-07-12 00:34:30.844000,2022-07-12 00:34:32.344000,0
normal,test_normal,275,9333,9348,2022-07-12 00:34:53.056000,2022-07-12 00:34:54.556000,0
normal,test_normal,275,9349,9364,2022-07-12 00:34:54.656000,2022-07-12 00:34:56.156000,0
normal,test_normal,282,9547,9562,2022-07-12 00:35:49.315000,2022-07-12 00:35:50.815000,0
normal,test_normal,282,9563,9578,2022-07-12 00:35:50.915000,2022-07-12 00:35:52.415000,0
normal,test_normal,298,10035,10050,2022-07-12 00:37:42.318000,2022-07-12 00:37:43.818000,0
normal,test_normal,298,10051,10066,2022-07-12 00:37:43.918000,2022-07-12 00:37:45.418000,0
normal,test_normal,298,10067,10082,2022-07-12 00:37:45.518000,2022-07-12 00:37:47.018000,0
normal,test_normal,331,11116,11131,2022-07-12 00:41:41.292000,2022-07-12 00:41:42.792000,0
normal,test_normal,336,11257,11272,2022-07-12 00:42:21.316000,2022-07-12 00:42:22.816000,0
normal,test_normal,336,11273,11288,2022-07-12 00:42:22.916000,2022-07-12 00:42:24.416000,0
normal,test_normal,337,11291,11306,2022-07-12 00:42:29.388000,2022-07-12 00:42:30.888000,0
normal,test_normal,337,11307,11322,2022-07-12 00:42:30.988000,2022-07-12 00:42:32.488000,0
normal,test_normal,347,11566,11581,2022-07-12 00:43:35.064000,2022-07-12 00:43:36.564000,0
normal,test_normal,347,11582,11597,2022-07-12 00:43:36.664000,2022-07-12 00:43:38.164000,0
normal,test_normal,347,11598,11613,2022-07-12 00:43:38.264000,2022-07-12 00:43:39.764000,0
normal,test_normal,353,11758,11773,2022-07-12 00:44:15.484000,2022-07-12 00:44:16.984000,0
normal,test_normal,353,11774,11789,2022-07-12 00:44:17.084000,2022-07-12 00:44:18.584000,0
normal,test_normal,353,11790,11805,2022-07-12 00:44:18.684000,2022-07-12 00:44:20.184000,0
normal,test_normal,354,11808,11823,2022-07-12 00:44:22.158000,2022-07-12 00:44:23.658000,0
normal,test_normal,354,11824,11839,2022-07-12 00:44:23.758000,2022-07-12 00:44:25.258000,0
normal,test_normal,354,11840,11855,2022-07-12 00:44:25.358000,2022-07-12 00:44:26.858000,0
normal,test_normal,360,12013,12028,2022-07-12 00:45:10.440000,2022-07-12 00:45:11.940000,0
normal,test_normal,360,12029,12044,2022-07-12 00:45:12.040000,2022-07-12 00:45:13.540000,0
normal,test_normal,360,12045,12060,2022-07-12 00:45:13.640000,2022-07-12 00:45:15.140000,0
normal,test_normal,373,12457,12472,2022-07-12 00:46:45.658000,2022-07-12 00:46:47.158000,0
normal,test_normal,373,12473,12488,2022-07-12 00:46:47.258000,2022-07-12 00:46:48.758000,0
normal,test_normal,374,12500,12515,2022-07-12 00:46:53.743000,2022-07-12 00:46:55.243000,0
normal,test_normal,397,13205,13220,2022-07-12 00:49:42.699000,2022-07-12 00:49:44.199000,0
normal,test_normal,397,13221,13236,2022-07-12 00:49:44.299000,2022-07-12 00:49:45.799000,0
normal,test_normal,400,13266,13281,2022-07-12 00:50:15.827000,2022-07-12 00:50:17.327000,0
normal,test_normal,400,13282,13297,2022-07-12 00:50:17.427000,2022-07-12 00:50:18.927000,0
normal,test_normal,400,13298,13313,2022-07-12 00:50:19.027000,2022-07-12 00:50:20.527000,0
normal,test_normal,407,13529,13544,2022-07-12 00:51:10.863000,2022-07-12 00:51:12.363000,0
normal,test_normal,407,13545,13560,2022-07-12 00:51:12.463000,2022-07-12 00:51:13.963000,0
normal,test_normal,408,13567,13582,2022-07-12 00:51:18.948000,2022-07-12 00:51:20.448000,0
normal,test_normal,423,14024,14039,2022-07-12 00:53:19.759000,2022-07-12 00:53:21.259000,0
normal,test_normal,423,14040,14055,2022-07-12 00:53:21.359000,2022-07-12 00:53:22.859000,0
normal,test_normal,423,14056,14071,2022-07-12 00:53:22.959000,2022-07-12 00:53:24.459000,0
normal,test_normal,445,14767,14782,2022-07-12 00:56:16.827000,2022-07-12 00:56:18.327000,0
normal,test_normal,445,14783,14798,2022-07-12 00:56:18.427000,2022-07-12 00:56:19.927000,0
normal,test_normal,446,14811,14826,2022-07-12 00:56:24.832000,2022-07-12 00:56:26.332000,0
normal,test_normal,454,15040,15055,2022-07-12 00:57:30.180000,2022-07-12 00:57:31.680000,0
normal,test_normal,454,15056,15071,2022-07-12 00:57:31.780000,2022-07-12 00:57:33.280000,0
normal,test_normal,454,15072,15087,2022-07-12 00:57:33.380000,2022-07-12 00:57:34.880000,0
normal,test_normal,462,15327,15342,2022-07-12 00:58:32.643000,2022-07-12 00:58:34.143000,0
normal,test_normal,462,15343,15358,2022-07-12 00:58:34.243000,2022-07-12 00:58:35.743000,0
normal,test_normal,467,15473,15488,2022-07-12 00:59:12.485000,2022-07-12 00:59:13.985000,0
normal,test_normal,467,15489,15504,2022-07-12 00:59:14.085000,2022-07-12 00:59:15.585000,0
normal,test_normal,467,15505,15520,2022-07-12 00:59:15.685000,2022-07-12 00:59:17.185000,0
normal,test_normal,474,15730,15745,2022-07-12 01:00:08.365000,2022-07-12 01:00:09.865000,0
normal,test_normal,474,15746,15761,2022-07-12 01:00:09.965000,2022-07-12 01:00:11.465000,0
normal,test_normal,475,15769,15784,2022-07-12 01:00:16.392000,2022-07-12 01:00:17.892000,0
normal,test_normal,481,16010,16025,2022-07-12 01:01:04.524000,2022-07-12 01:01:06.024000,0
normal,test_normal,481,16026,16041,2022-07-12 01:01:06.124000,2022-07-12 01:01:07.624000,0
normal,test_normal,483,16101,16116,2022-07-12 01:01:20.296000,2022-07-12 01:01:21.796000,0
normal,test_normal,483,16117,16132,2022-07-12 01:01:21.896000,2022-07-12 01:01:23.396000,0
normal,test_normal,491,16363,16378,2022-07-12 01:02:33.380000,2022-07-12 01:02:34.880000,0
normal,test_normal,491,16379,16394,2022-07-12 01:02:34.980000,2022-07-12 01:02:36.480000,0
normal,test_normal,491,16395,16410,2022-07-12 01:02:36.580000,2022-07-12 01:02:38.080000,0
normal,test_normal,493,16463,16478,2022-07-12 01:02:48.171000,2022-07-12 01:02:49.671000,0
normal,test_normal,493,16479,16494,2022-07-12 01:02:49.771000,2022-07-12 01:02:51.271000,0
normal,test_normal,497,16557,16572,2022-07-12 01:03:22.041000,2022-07-12 01:03:23.541000,0
normal,test_normal,497,16573,16588,2022-07-12 01:03:23.641000,2022-07-12 01:03:25.141000,0
normal,test_normal,497,16589,16604,2022-07-12 01:03:25.241000,2022-07-12 01:03:26.741000,0
normal,test_normal,510,17020,17035,2022-07-12 01:05:04.844000,2022-07-12 01:05:06.344000,0
normal,test_normal,510,17036,17051,2022-07-12 01:05:06.444000,2022-07-12 01:05:07.944000,0
normal,test_normal,510,17052,17067,2022-07-12 01:05:08.044000,2022-07-12 01:05:09.544000,0
normal,test_normal,515,17197,17212,2022-07-12 01:05:53.230000,2022-07-12 01:05:54.730000,0
normal,test_normal,515,17213,17228,2022-07-12 01:05:54.830000,2022-07-12 01:05:56.330000,0
normal,test_normal,515,17229,17244,2022-07-12 01:05:56.430000,2022-07-12 01:05:57.930000,0
normal,test_normal,558,18630,18645,2022-07-12 01:11:22.827000,2022-07-12 01:11:24.327000,0
normal,test_normal,561,18684,18699,2022-07-12 01:11:47.790000,2022-07-12 01:11:49.290000,0
normal,test_normal,561,18700,18715,2022-07-12 01:11:49.390000,2022-07-12 01:11:50.890000,0
normal,test_normal,561,18716,18731,2022-07-12 01:11:50.990000,2022-07-12 01:11:52.490000,0
normal,test_normal,562,18734,18749,2022-07-12 01:11:55.696000,2022-07-12 01:11:57.196000,0
normal,test_normal,562,18750,18765,2022-07-12 01:11:57.296000,2022-07-12 01:11:58.796000,0
normal,test_normal,562,18766,18781,2022-07-12 01:11:58.896000,2022-07-12 01:12:00.396000,0
normal,test_normal,563,18784,18799,2022-07-12 01:12:03.184000,2022-07-12 01:12:04.684000,0
normal,test_normal,563,18800,18815,2022-07-12 01:12:04.784000,2022-07-12 01:12:06.284000,0
normal,test_normal,568,18930,18945,2022-07-12 01:12:36.055000,2022-07-12 01:12:37.555000,0
normal,test_normal,568,18946,18961,2022-07-12 01:12:37.655000,2022-07-12 01:12:39.155000,0
normal,test_normal,568,18962,18977,2022-07-12 01:12:39.255000,2022-07-12 01:12:40.755000,0
normal,test_normal,584,19514,19529,2022-07-12 01:14:51.439000,2022-07-12 01:14:52.939000,0
normal,test_normal,589,19692,19707,2022-07-12 01:15:39.216000,2022-07-12 01:15:40.716000,0
outlier,test_anomaly,1,4,19,2022-07-17 10:51:16.724000,2022-07-17 10:51:18.224000,1
outlier,test_anomaly,1,20,35,2022-07-17 10:51:18.324000,2022-07-17 10:51:19.824000,1
outlier,test_anomaly,1,36,51,2022-07-17 10:51:19.924000,2022-07-17 10:51:21.424000,1
outlier,test_anomaly,2,54,69,2022-07-17 10:51:23.615000,2022-07-17 10:51:25.115000,1
outlier,test_anomaly,2,70,85,2022-07-17 10:51:25.215000,2022-07-17 10:51:26.715000,1
outlier,test_anomaly,3,101,116,2022-07-17 10:51:31.734000,2022-07-17 10:51:33.234000,1
outlier,test_anomaly,4,132,147,2022-07-17 10:51:39.999000,2022-07-17 10:51:41.499000,1
outlier,test_anomaly,6,153,168,2022-07-17 10:51:56.684000,2022-07-17 10:51:58.184000,1
outlier,test_anomaly,6,169,184,2022-07-17 10:51:58.284000,2022-07-17 10:51:59.784000,1
outlier,test_anomaly,6,185,200,2022-07-17 10:51:59.884000,2022-07-17 10:52:01.384000,1
outlier,test_anomaly,7,203,218,2022-07-17 10:52:04.407000,2022-07-17 10:52:05.907000,1
outlier,test_anomaly,7,219,234,2022-07-17 10:52:06.007000,2022-07-17 10:52:07.507000,1
outlier,test_anomaly,8,243,258,2022-07-17 10:52:12.567000,2022-07-17 10:52:14.067000,1
outlier,test_anomaly,11,280,295,2022-07-17 10:52:38.172000,2022-07-17 10:52:39.672000,1
outlier,test_anomaly,11,296,311,2022-07-17 10:52:39.772000,2022-07-17 10:52:41.272000,1
outlier,test_anomaly,11,312,327,2022-07-17 10:52:41.372000,2022-07-17 10:52:42.872000,1
outlier,test_anomaly,12,330,345,2022-07-17 10:52:45.655000,2022-07-17 10:52:47.155000,1
outlier,test_anomaly,12,346,361,2022-07-17 10:52:47.255000,2022-07-17 10:52:48.755000,1
outlier,test_anomaly,13,372,387,2022-07-17 10:52:53.769000,2022-07-17 10:52:55.269000,1
outlier,test_anomaly,15,415,430,2022-07-17 10:53:11.764000,2022-07-17 10:53:13.264000,1
outlier,test_anomaly,15,431,446,2022-07-17 10:53:13.364000,2022-07-17 10:53:14.864000,1
outlier,test_anomaly,15,447,462,2022-07-17 10:53:14.964000,2022-07-17 10:53:16.464000,1
outlier,test_anomaly,16,465,480,2022-07-17 10:53:18.444000,2022-07-17 10:53:19.944000,1
outlier,test_anomaly,16,481,496,2022-07-17 10:53:20.044000,2022-07-17 10:53:21.544000,1
outlier,test_anomaly,16,497,512,2022-07-17 10:53:21.644000,2022-07-17 10:53:23.144000,1
outlier,test_anomaly,17,515,530,2022-07-17 10:53:26.553000,2022-07-17 10:53:28.053000,1
outlier,test_anomaly,17,531,546,2022-07-17 10:53:28.153000,2022-07-17 10:53:29.653000,1
outlier,test_anomaly,18,551,566,2022-07-17 10:53:34.639000,2022-07-17 10:53:36.139000,1
