window_id,source,label,state,segment,group_id,offset,start_raw_row,end_raw_row,start_time,end_time,split,score,threshold,prediction,top_error_feature,error_AI2_period8,error_AI2_kurt,error_ratio_AI0_AI2,error_AI0_rms,error_ratio_AI1_AI2,error_AI1_rms,error_AI1_skew,error_AI2_rms,error_type
normal_0052_00,normal,0,A,52,normal_0052,0,1737,1752,2022-07-12 00:06:36.231000,2022-07-12 00:06:37.731000,test,0.24911323958472792,0.2425813279525978,1,AI1_skew,0.11701879359531146,0.15441058856830933,0.03543047485206523,0.0038813237071266857,0.10670621501300794,0.05081458252953679,1.517210580656002,0.007433357756463961,false_alarm
normal_0052_16,normal,0,A,52,normal_0052,16,1753,1768,2022-07-12 00:06:37.831000,2022-07-12 00:06:39.331000,test,0.3843058014837953,0.2425813279525978,1,AI1_skew,0.29909516608868036,0.003979799561957832,0.0010148346511336902,0.10785816384698421,0.11892669659792296,0.19829825710826218,1.6655172880814095,0.6797562059340114,false_alarm
normal_0060_16,normal,0,A,60,normal_0060,16,2153,2168,2022-07-12 00:07:34.447000,2022-07-12 00:07:35.947000,test,0.25099817230957494,0.2425813279525978,1,AI1_skew,0.1372449768589931,0.031302692252108695,0.15913538130209756,0.04342261775665734,0.13949511314556795,0.04378972611995913,1.45352470602361,7.016501760570486e-05,false_alarm
normal_0129_00,normal,0,A,129,normal_0129,0,4729,4744,2022-07-12 00:16:11.955000,2022-07-12 00:16:13.455000,test,0.259823571664216,0.2425813279525978,1,ratio_AI1_AI2,0.14162411506502573,0.2940155117221278,0.12714888619902937,0.14581458558560567,0.6590210190133914,0.10061297533944695,0.5755398975761188,0.03481158281298209,false_alarm
normal_0167_00,normal,0,A,167,normal_0167,0,5864,5879,2022-07-12 00:21:08.408000,2022-07-12 00:21:09.908000,test,0.2840310990004611,0.2425813279525978,1,ratio_AI1_AI2,0.24730328128246798,0.19756452451921483,0.11362416105004396,0.09416479059013094,1.4547035184178705,0.14559835256506926,0.01908597885000512,0.0002041847288863035,false_alarm
normal_0175_32,normal,0,A,175,normal_0175,32,6084,6099,2022-07-12 00:22:10.278000,2022-07-12 00:22:11.778000,test,0.5572396022119682,0.2425813279525978,1,AI1_skew,0.25840613991099143,0.08095162615174926,0.0037481822376400154,0.022429326169661614,0.019060367687255223,0.11399233807953531,3.789142874077233,0.1701859633816799,false_alarm
normal_0206_00,normal,0,A,206,normal_0206,0,7112,7127,2022-07-12 00:26:13.208000,2022-07-12 00:26:14.708000,test,0.25472292175208605,0.2425813279525978,1,AI1_skew,0.758665107642118,0.15319018757613279,0.02347850005726961,0.0014328169109520282,0.16730955886007304,0.0032688850738323227,0.8459545200768178,0.08448379781949256,false_alarm
normal_0304_32,normal,0,A,304,normal_0304,32,10280,10295,2022-07-12 00:38:32.502000,2022-07-12 00:38:34.002000,test,0.3037090673789728,0.2425813279525978,1,ratio_AI1_AI2,0.04492637030711134,0.0020082573320994697,0.07189687796743825,0.08663216265842319,1.717790282941582,0.2238752957814906,0.28173946730835614,0.0008038247352810975,false_alarm
normal_0338_00,normal,0,A,338,normal_0338,0,11323,11338,2022-07-12 00:42:37.291000,2022-07-12 00:42:38.791000,test,0.34259279265683984,0.2425813279525978,1,ratio_AI1_AI2,0.3244329229854844,0.07866166427265009,0.00031277788822818315,0.22012877272118928,1.1009383729882034,0.0139650462583473,0.6279405585001586,0.3743622256404571,false_alarm
