epoch,train_mse,val_mse
1,1.3305195533456804,1.307791378176803
2,1.2367640769243702,1.2162569517099737
3,1.156551705981719,1.137812237305068
4,1.086627768290795,1.0692597759873472
5,1.0237877285078993,1.0073660614093725
6,0.9653841838477266,0.9495040113116153
7,0.9093023046043814,0.893584754784433
8,0.8540490549680327,0.8382326594099785
9,0.7989758366119163,0.7832997172871107
10,0.7446506177270139,0.7299017738507064
11,0.6927596500930873,0.6795482262264523
12,0.6451828559613211,0.6336477187656034
13,0.6032009606819327,0.5932357031743642
14,0.5672734740464099,0.5587168808365867
15,0.5371793287808472,0.5298686495213828
16,0.5122727923006416,0.5060448432013579
17,0.4917172572274545,0.48641327677548324
18,0.47466107485496123,0.47013707937350996
19,0.46034971939133,0.45648176358427833
20,0.44817527061837875,0.44485845045516786
21,0.4376775622222589,0.4348228317286453
22,0.42851949442396126,0.42605118855618224
23,0.42045552146923804,0.41831001252786265
24,0.41330384230268974,0.4114285476082988
25,0.4069257570958068,0.40527779997210983
26,0.40121176393435387,0.39975618062434254
27,0.3960725802190233,0.3947804406792991
28,0.3914332939372243,0.39028021569951127
29,0.38722943966086115,0.3861947445105624
30,0.3834043971472797,0.3824707938456438
31,0.3799078315021594,0.37906126942329543
32,0.3766949203513567,0.3759242930062624
33,0.3737260394260945,0.37302264095875776
34,0.37096658828135476,0.3703234345950443
35,0.36838675583656677,0.3677979451576214
36,0.3659611633235248,0.36542138941927205
37,0.3636684091140376,0.36317264674394545
38,0.36149056834383547,0.36103389185172413
39,0.35941269538143894,0.3589901798900502
40,0.3574223618685453,0.35702903256656143
41,0.35550924814580515,0.3551400637892565
42,0.3536647943762153,0.35331466400753087
43,0.3518819096612536,0.35154574490698753
44,0.35015473233652183,0.349827535032465
45,0.3484784318570314,0.3481554123186784
46,0.3468490417976985,0.3465257593401254
47,0.3452633142000431,0.3449358292992263
48,0.3437185875295582,0.34338361410697604
49,0.3422126634956859,0.34186770978168385
50,0.3407436913371589,0.34038717841849114
51,0.3393100611265094,0.33894140970498887
52,0.33791030947666284,0.33752998780378746
53,0.33654304134114055,0.3361525708525164
54,0.33520687048906883,0.334808790044665
55,0.33390037925440685,0.3334981733463263
56,0.3326220960422089,0.3322200958955819
57,0.331370487446639,0.33097375583196526
58,0.33014396101631116,0.3297581715432826
59,0.3289408746907027,0.32857219466944027
60,0.32775954950737757,0.3274145328282778
61,0.3265982830475939,0.32628377670259484
62,0.3254553619871972,0.32517842741116815
63,0.3243290728820568,0.3240969215265848
64,0.32321771087187184,0.3230376523716472
65,0.3221195863353617,0.32199898716507486
66,0.3210330297157637,0.3209792801767251
67,0.31995639481149485,0.31997688235438027
68,0.31888806083981297,0.3189901479884955
69,0.3178264335649014,0.3180174389730988
70,0.3167699457559703,0.3170571271649905
71,0.31571705721528087,0.3161075952813192
72,0.31466625459350533,0.31516723672973374
73,0.31361605119021424,0.31423445474328315
74,0.31256498691903845,0.3133076611918549
75,0.3115116285985945,0.31238527545499256
76,0.3104545707104792,0.3114657237560207
77,0.3093924367439441,0.31054743936231416
78,0.30832388122314125,0.30962886404021595
79,0.3072475924872364,0.30870845110729184
80,0.3061622962664332,0.3077846703454029
81,0.30506676006811495,0.30685601492671916
82,0.30395979835664494,0.3059210103678772
83,0.3028402784771811,0.3049782253761288
84,0.3017071272370108,0.3040262842994158
85,0.30055933801587187,0.3030638807540026
86,0.29939597822785086,0.3020897918901841
87,0.2982161969003327,0.3011028926752683
88,0.2970192320694055,0.30010216952354246
89,0.2958044176165378,0.299086732578731
90,0.294571189090145,0.2980558259438952
91,0.29331908797131784,0.2970088351428631
92,0.29204776376031794,0.29594529107347906
93,0.29075697318513694,0.2948648696684953
94,0.28944657577120386,0.2937673864148757
95,0.28811652496713913,0.2926527848062261
96,0.28676685399832097,0.2915211177349078
97,0.2853976556180783,0.29037252079596176
98,0.2840090549414915,0.2892071765016541
99,0.282601174569387,0.28802526851357335
100,0.28117409122288856,0.2868269251900791
101,0.2797277830844171,0.2856121519891019
102,0.2782620669382237,0.28438075248306455
103,0.27677652396298946,0.283132237805239
104,0.2752704125668619,0.28186572407812316
105,0.2737425658558518,0.2805798165666479
106,0.2721912700351806,0.2792724777438026
107,0.2706141180644399,0.27794087398261
108,0.2690078299995894,0.27658119210406096
109,0.26736802746662336,0.2751884125541095
110,0.2656889446121847,0.27375602082873357
111,0.2639630521865621,0.27227563371274455
112,0.26218056698228154,0.27073651405788374
113,0.2603288206523712,0.26912495264630615
114,0.2583914821684957,0.26742352171912154
115,0.25634769533987817,0.2656102838552141
116,0.2541713696006765,0.2636582405039349
117,0.25183127064872457,0.2615357498558549
118,0.2492933658926251,0.2592094628711087
119,0.24652803672549525,0.25665227592046785
120,0.243524934932421,0.253858072448803
121,0.24031310521684163,0.25085832211353215
122,0.23697039410969073,0.24772350112633104
123,0.23360192174402533,0.2445376380665488
124,0.23030075756252308,0.24137000127228797
125,0.22712876215984865,0.2382710907169171
126,0.22412055587444082,0.23527949816606122
127,0.22129168621754752,0.2324231744656997
128,0.21864479658227937,0.22971713730875798
129,0.21617424720283615,0.22716415688416383
130,0.21386950440276306,0.22475880412800708
131,0.21171755874227033,0.22249129106687576
132,0.2097045845777519,0.22034996418029507
133,0.20781699749645477,0.21832286848541538
134,0.20604206512665302,0.21639865390277147
135,0.20436820436952663,0.21456701194884628
136,0.2027850725900836,0.21281881292868302
137,0.20128353456946915,0.21114607683400388
138,0.1998555634549698,0.20954186421065302
139,0.19849411388672164,0.20800013670764628
140,0.19719299040686278,0.2065156153398589
141,0.19594672396293786,0.20508365127689027
142,0.19475046262710516,0.20370011542587407
143,0.1935998785391551,0.2023613080454201
144,0.19249109071719617,0.20106388699187522
145,0.19142060215437925,0.19980481197671915
146,0.19038524910214377,0.19858130185466932
147,0.18938216034556754,0.19739080208511386
148,0.18840872441795364,0.1962309598636327
149,0.18746256296061548,0.19509960485897293
150,0.18654150873503003,0.1939947339295096
151,0.18564358709302828,0.19291449858738124
152,0.18476699998157295,0.19185719430977585
153,0.1839101117906104,0.1908212510619977
154,0.18307143654283917,0.18980522460113816
155,0.182249626075432,0.1888077882815542
156,0.18144345898058536,0.1878277251939985
157,0.1806518301597037,0.18686392054849565
158,0.17987374091019548,0.18591535426469308
159,0.17910828950872854,0.18498109376848954
160,0.17835466228410138,0.18406028701482596
161,0.17761212518983518,0.18315215576706081
162,0.17688001589393226,0.18225598916603566
163,0.1761577364034526,0.18137113761899018
164,0.17544474623681086,0.1804970070318125
165,0.17474055614890302,0.17963305339937732
166,0.1740447224049392,0.1787787777593453
167,0.17335684158945783,0.1779337215059412
168,0.17267654592837847,0.17709746205276095
169,0.17200349909473445,0.17626960882816875
170,0.17133739246326538,0.17544979958359982
171,0.17067794177544227,0.17463769699409906
172,0.17002488417466294,0.17383298553145143
173,0.16937797557109266,0.173035368592871
174,0.16873698829665296,0.17224456587184758
175,0.1681017090127215,0.17146031096179792
176,0.16747193683597986,0.1706823491870433
177,0.16684748165140878,0.16991043565885305
178,0.16622816258564765,0.16914433355651043
179,0.16561380661880107,0.16838381263438634
180,0.16500424731823624,0.16762864795578722
181,0.16439932368376284,0.16687861885290006
182,0.16379887909937169,0.1661335081095289
183,0.1632027603917568,0.16539310135956442
184,0.1626108169993577,0.16465718668933849
185,0.1620229002569305,0.16392555442642054
186,0.16143886279933342,0.1631979970914499
187,0.16085855808449445,0.16247430948398453
188,0.16028184003022056,0.16175428886899806
189,0.1597085627538659,0.16103773522852322
190,0.15913858039928905,0.16032445154375186
191,0.15857174703311408,0.15961424407691546
192,0.15800791659260957,0.1589069226291502
193,0.15744694287032932,0.15820230075937944
194,0.15688867952522986,0.15750019595873593
195,0.1563329801151579,0.15680042978382402
196,0.15577969815025475,0.15610282795903627
197,0.1552286871701362,0.15540722046247982
198,0.15467980084929364,0.1547134416116527
199,0.15413289313511044,0.15402133016413525
200,0.15358781842159833,0.15333072944585455
201,0.15304443175998217,0.15264148751572001
202,0.15250258910512293,0.15195345737134308
203,0.1519621475948709,0.1512664971967379
204,0.15142296585799564,0.15058047064970762
205,0.1508849043454233,0.14989524718421546
206,0.15034782567907434,0.1492107024014149
207,0.14981159501254068,0.14852671842206547
208,0.14927608039805842,0.1478431842726462
209,0.14874115315462227,0.14715999627744877
210,0.14820668823257568,0.14647705844917017
211,0.1476725645705412,0.1457942828709234
212,0.14713866544109694,0.1451115900630881
213,0.14660487878213213,0.14442890932897298
214,0.14607109751131567,0.14374617907383389
215,0.14553721982157622,0.1430633470923662
216,0.14500314945591913,0.1423803708203548
217,0.14446879596028972,0.14169721754671408
218,0.14393407491353638,0.14101386458268741
219,0.14339890813383255,0.1403302993854968
220,0.14286322386118586,0.13964651963424574
221,0.14232695691590525,0.138962533256387
222,0.14179004883311028,0.13827835840357422
223,0.14125244797356556,0.13759402337623475
224,0.14071410961131042,0.13690956649672686
225,0.14017499599873112,0.1362250359314921
226,0.1396350764099067,0.1355404894631804
227,0.1390943271632388,0.13485599421431396
228,0.13855273162456946,0.1341716263246689
229,0.13801028019218414,0.13348747058518265
230,0.1374669702653012,0.1328036200318381
231,0.13692280619785027,0.1321201755036199
232,0.13637779923954108,0.1314372451692733
233,0.13583196746640866,0.13075494402820195
234,0.13528533570318196,0.13007339339140492
235,0.1347379354399512,0.12939272034884589
236,0.13418980474568648,0.12871305723005452
237,0.1336409881811822,0.12803454106505055
238,0.13309153671394905,0.1273573130528413
239,0.13254150763744424,0.12668151804474384
240,0.13199096449680622,0.1260073040496158
241,0.13143997702294677,0.12533482176772495
242,0.13088862107643898,0.12466422415944496
243,0.1303369786021399,0.12399566605423176
244,0.12978513759489696,0.12332930380442117
245,0.12923319207602957,0.12266529498730674
246,0.12868124207956522,0.12200379815773299
247,0.12812939364645962,0.12134497265210287
248,0.12757775882427533,0.12068897844328484
249,0.12702645566904944,0.120035976044456
250,0.1264756082453865,0.11938612645847779
251,0.12592534662018248,0.11873959116801724
252,0.1253758068448606,0.11809653216034048
253,0.12482713092059221,0.11745711197956696
254,0.12427946674071282,0.11682149379821177
255,0.12373296800444286,0.11618984149910357
256,0.1231877940960917,0.11556231975826461
257,0.12264410992417486,0.1149390941191011
258,0.12210208571530397,0.11432033104828393
259,0.121561896758316,0.11370619796400581
260,0.12102372309488064,0.11309686322786916
261,0.12048774915374674,0.11249249609248102
262,0.11995416332684027,0.11189326659787643
263,0.11942315748658343,0.11129934541113766
264,0.11889492644503726,0.11071090360498327
265,0.11836966735674744,0.11012811237263354
266,0.11784757906846376,0.10955114267787083
267,0.11732886142016974,0.10898016484086621
268,0.11681371450306884,0.10841534806198834
269,0.11630233788129113,0.10785685988740697
270,0.11579492978507885,0.10730486562180767
271,0.11529168628404732,0.10675952769490865
272,0.11479280044977999,0.10622100498968154
273,0.11429846151747156,0.1056894521411913
274,0.11380885405657427,0.10516501881576722
275,0.11332415716041241,0.10464784898077491
276,0.11284454366450919,0.1041380801755696
277,0.11237017940292245,0.10363584279426784
278,0.11190122251121927,0.10314125939078368
279,0.11143782278385984,0.10265444401614665
280,0.11098012109272735,0.1021755015974667
281,0.11052824887237202,0.10170452736706923
282,0.11008232767626684,0.10124160634930786
283,0.10964246880704373,0.10078681291142258
284,0.10920877302233561,0.10034021038357252
285,0.10878133031653238,0.09990185075187928
286,0.10836021977750888,0.0994717744270091
287,0.10794550951623792,0.09905001008953111
288,0.10753725666618794,0.09863657461205422
289,0.10713550744854738,0.09823147305699116
290,0.10674029729862934,0.09783469874775
291,0.10635165104829757,0.09744623341022916
292,0.105969583158912,0.09706604738070021
293,0.10559409799911405,0.09669409987551116
294,0.1052251901617386,0.09633033931753042
295,0.10486284481423389,0.0959747037138727
296,0.10450703807716813,0.09562712107919476
297,0.10415773742568124,0.09528750989871254
298,0.10381490210907554,0.09495577962505453
299,0.10347848358411352,0.09463183120312192
300,0.10314842595798207,0.09431555761725585
301,0.10282466643727718,0.09400684445520752
302,0.10250713577974915,0.09370557048365405
303,0.10219575874591612,0.09341160823029286
304,0.10189045454799761,0.09312482456786722
305,0.1015911372939386,0.09284508129582553
306,0.1012977164245824,0.09257223571567712
307,0.1010100971423134,0.09230614119648488
308,0.10072818082972552,0.09204664772731373
309,0.10045186545708337,0.0917936024538351
310,0.10018104597753225,0.09154685019666478
311,0.09991561470918266,0.0913062339493789
312,0.09965546170334906,0.09107159535451129
313,0.09940047509835963,0.090842775156177
314,0.09915054145848115,0.0906196136282918
315,0.09890554609761691,0.09040195097766233
316,0.09866537338754132,0.09018962772150539
317,0.09842990705053198,0.08998248503921451
318,0.09819903043634791,0.08978036509842795
319,0.09797262678358577,0.08958311135566406
320,0.09775057946552052,0.0893905688319756
321,0.09753277222060558,0.08920258436423774
322,0.09731908936787088,0.08901900683282037
323,0.09710941600751323,0.08883968736651214
324,0.0969036382070245,0.08866447952565502
325,0.09670164317324775,0.08849323946452112
326,0.0965033194107905,0.08832582607401575
327,0.09630855686725795,0.0881621011058275
328,0.09611724706579633,0.08800192927916492
329,0.09592928322545895,0.087845178371225
330,0.0957445603699253,0.08769171929253315
331,0.09556297542511424,0.08754142614827483
332,0.09538442730624061,0.08739417628671452
333,0.09520881699486679,0.08724985033576044
334,0.09503604760649931,0.08710833222869614
335,0.09486602444927462,0.08696950922005016
336,0.09469865507427021,0.08683327189252918
337,0.0945338493179636,0.0866995141558846
338,0.09437151933734843,0.08656813323853016
339,0.09421157963819776,0.08643902967267184
340,0.09405394709694705,0.08631210727365657
341,0.09389854097664688,0.0861872731141912
342,0.0937452829374143,0.0860644374940289
343,0.09359409704178759,0.08594351390566773
344,0.09344490975536648,0.08582441899655685
345,0.09329764994309524,0.08570707252825499
346,0.09315224886152206,0.08559139733294231
347,0.09300864014734528,0.08547731926764186
348,0.09286675980253319,0.08536476716646749
349,0.09272654617628166,0.08525367279117621
350,0.09258793994405363,0.08514397078026942
351,0.0924508840839223,0.08503559859685438
352,0.09231532385042221,0.08492849647544962
353,0.09218120674609377,0.0848226073678907
354,0.09204848249089043,0.08471787688846971
355,0.0919171029896023,0.08461425325842176
356,0.09178702229743652,0.08451168724985238
357,0.09165819658388255,0.08441013212918504
358,0.09153058409497888,0.08430954360019369
359,0.09140414511408923,0.0842098797466745
360,0.09127884192128685,0.08411110097480104
361,0.09115463875143978,0.08401316995519975
362,0.0910315017510832,0.08391605156477702
363,0.09090939893416128,0.08381971282832439
364,0.09078830013671652,0.08372412285992518
365,0.09066817697060231,0.08362925280418486
366,0.090549002776293,0.08353507577730586
367,0.09043075257486384,0.08344156680802785
368,0.0903134030192135,0.08334870277845616
369,0.09019693234460183,0.0832564623648014
370,0.09008132031857562,0.08316482597805629
371,0.08996654819035665,0.08307377570463777
372,0.08985259863976727,0.08298329524702537
373,0.08973945572576944,0.08289336986442959
374,0.08962710483469588,0.08280398631352716
375,0.08951553262825186,0.08271513278930295
376,0.08940472699136826,0.08262679886604142
377,0.08929467697998784,0.08253897543851309
378,0.08918537276886696,0.0824516546634042
379,0.08907680559947588,0.08236482990104038
380,0.08896896772808173,0.0822784956574566
381,0.08886185237409723,0.08219264752686829
382,0.0887554536687789,0.08210728213459949
383,0.08864976660435742,0.08202239708052514
384,0.08854478698368135,0.0819379908830857
385,0.08844051137045515,0.08185406292393226
386,0.08833693704014894,0.0817706133932613
387,0.08823406193165682,0.08168764323589708
388,0.08813188459977712,0.08160515409818024
389,0.08803040416858528,0.08152314827571977
390,0.08792962028576687,0.08144162866206459
391,0.08782953307797497,0.0813605986983501
392,0.08773014310727215,0.08128006232397338
393,0.08763145132871329,0.08120002392834892
394,0.0875334590491221,0.08112048830379541
395,0.08743616788710894,0.08104146059960161
396,0.08733957973437363,0.08096294627731754
397,0.08724369671833326,0.0808849510673151
398,0.08714852116610872,0.08080748092665922
399,0.08705405556990134,0.08073054199832928
400,0.0869603025537849,0.08065414057182695
401,0.08686726484193467,0.08057828304520437
402,0.08677494522831072,0.08050297588854455
403,0.0866833465478078,0.08042822560892142
404,0.08659247164888104,0.08035403871686606
405,0.08650232336765173,0.08028042169436085
406,0.08641290450349347,0.08020738096438196
407,0.08632421779609578,0.08013492286200531
408,0.08623626590399819,0.08006305360709007
409,0.08614905138458352,0.07999177927854864
410,0.08606257667551728,0.0799211057902097
411,0.08597684407761479,0.07985103886827616
412,0.0858918557391155,0.07978158403037747
413,0.08580761364134117,0.07971274656621069
414,0.08572411958571013,0.07964453151976131
415,0.08564137518207857,0.07957694367309118
416,0.0855593818383755,0.07950998753167579
417,0.08547814075149669,0.07944366731127034
418,0.08539765289941909,0.07937798692627861
419,0.08531791903449552,0.0793129499795956
420,0.08523893967788704,0.07924855975389027
421,0.08516071511508749,0.07918481920429059
422,0.08508324539249386,0.07912173095243008
423,0.08500653031497307,0.07905929728181055
424,0.08493056944437492,0.07899752013443227
425,0.08485536209893907,0.07893640110864053
426,0.08478090735354284,0.0788759414581335
427,0.08470720404073549,0.07881614209207406
428,0.08463425075250466,0.07875700357624704
429,0.08456204584271851,0.07869852613519931
430,0.08449058743018946,0.07864070965530147
431,0.0844198734023033,0.07858355368866599
432,0.08434990141915936,0.07852705745785866
433,0.08428066891816795,0.07847121986133873
434,0.08421217311905188,0.07841603947956297
435,0.08414441102920157,0.0783615145816913
436,0.08407737944933324,0.07830764313283117
437,0.08401107497940342,0.07825442280175998
438,0.08394549402473434,0.07820185096906718
439,0.0838806328023068,0.07814992473565868
440,0.08381648734718163,0.07809864093156989
441,0.08375305351901091,0.07804799612503562
442,0.08369032700860582,0.07799798663176805
443,0.08362830334452896,0.07794860852439713
444,0.08356697789968287,0.07789985764203043
445,0.08350634589786966,0.07785172959989359
446,0.0834464024202992,0.07780421979901414
447,0.08338714241202612,0.07775732343591599
448,0.08332856068829958,0.07771103551229415
449,0.08327065194081142,0.07766535084464227
450,0.08321341074383125,0.07762026407380868
451,0.08315683156021972,0.07757576967445924
452,0.08310090874731287,0.0775318619644275
453,0.08304563656267258,0.07748853511393586
454,0.08299100916970022,0.07744578315467211
455,0.08293702064311173,0.0774035999887101
456,0.08288366497427409,0.07736197939726239
457,0.08283093607640382,0.07732091504925646
458,0.0827788277896301,0.07728040050972708
459,0.08272733388592438,0.07724042924801773
460,0.08267644807390047,0.07720099464578663
461,0.08262616400348877,0.07716209000481299
462,0.0825764752704885,0.07712370855460052
463,0.0825273754210026,0.07708584345977541
464,0.08247885795575932,0.07704848782727758
465,0.08243091633432534,0.07701163471334366
466,0.08238354397921421,0.07697527713028154
467,0.08233673427989452,0.07693940805303601
468,0.0822904805967015,0.07690402042554574
469,0.08224477626465594,0.07686910716689276
470,0.08219961459719333,0.07683466117724455
471,0.08215498888980668,0.07680067534359059
472,0.08211089242360538,0.07676714254527442
473,0.08206731846879264,0.07673405565932315
474,0.08202426028806349,0.07670140756557582
475,0.08198171113992517,0.0766691911516137
476,0.08193966428194123,0.07663739931749346
477,0.0818981129739007,0.07660602498028682
478,0.08185705048091298,0.07657506107842872
479,0.08181647007642939,0.07654450057587696
480,0.08177636504519187,0.07651433646608628
481,0.08173672868610897,0.07648456177580014
482,0.08169755431505932,0.07645516956866316
483,0.08165883526762302,0.07642615294865836
484,0.08162056490173984,0.07639750506337117
485,0.08158273660029557,0.0763692191070865
486,0.08154534377363484,0.07634128832371963
487,0.08150837986200113,0.07631370600958727
488,0.08147183833790306,0.0762864655160215
489,0.08143571270840722,0.0762595602518307
490,0.08139999651735648,0.07623298368561203
491,0.08136468334751445,0.07620672934791929
492,0.08132976682263493,0.07618079083329034
493,0.08129524060945656,0.07615516180213819
494,0.08126109841962263,0.0761298359825104
495,0.08122733401152551,0.07610480717172005
496,0.08119394119207604,0.07608006923785343
497,0.08116091381839749,0.07605561612115797
498,0.08112824579944448,0.07603144183531423
499,0.0810959310975469,0.07600754046859683
500,0.0810639637298789,0.07598390618492731
501,0.08103233776985315,0.07596053322482323
502,0.0810010473484412,0.07593741590624703
503,0.08097008665541995,0.0759145486253592
504,0.08093944994054453,0.07589192585717754
505,0.08090913151464887,0.07586954215614808
506,0.08087912575067371,0.0758473921566295
507,0.08084942708462373,0.07582547057329538
508,0.08082003001645359,0.07580377220145651
509,0.08079092911088466,0.07578229191730772
510,0.0807621189981525,0.07576102467810059
511,0.08073359437468684,0.07573996552224631
512,0.08070535000372465,0.07571910956935131
513,0.08067738071585748,0.07569845202018753
514,0.08064968140951441,0.07567798815660107
515,0.08062224705138174,0.07565771334136136
516,0.08059507267676036,0.07563762301795307
517,0.08056815338986315,0.07561771271031412
518,0.08054148436405237,0.07559797802252098
519,0.08051506084201975,0.07557841463842443
520,0.08048887813590991,0.07555901832123794
521,0.08046293162738924,0.0755397849130804
522,0.08043721676766105,0.07552071033447574
523,0.08041172907742948,0.07550179058381153
524,0.08038646414681296,0.0754830217367585
525,0.0803614176352094,0.0754643999456527
526,0.08033658527111456,0.07544592143884306
527,0.08031196285189515,0.07542758252000495
528,0.08028754624351866,0.07540937956742325
529,0.08026333138024144,0.07539130903324501
530,0.08023931426425679,0.07537336744270516
531,0.08021549096530466,0.07535555139332556
532,0.0801918576202449,0.07533785755409
533,0.08016841043259561,0.0753202826645968
534,0.08014514567203823,0.07530282353418977
535,0.08012205967389162,0.07528547704107058
536,0.08009914883855573,0.07526824013139274
537,0.08007640963092767,0.07525110981833921
538,0.08005383857979148,0.07523408318118577
539,0.08003143227718248,0.07521715736435035
540,0.08000918737772915,0.07520032957643077
541,0.07998710059797293,0.07518359708923196
542,0.07996516871566825,0.07516695723678354
543,0.07994338856906404,0.07515040741434992
544,0.07992175705616797,0.07513394507743343
545,0.07990027113399537,0.07511756774077195
546,0.07987892781780409,0.07510127297733259
547,0.07985772418031631,0.0750850584173017
548,0.07983665735092915,0.07506892174707337
549,0.07981572451491513,0.07505286070823662
550,0.0797949229126137,0.07503687309656265
551,0.07977424983861538,0.07502095676099318
552,0.07975370264093905,0.07500510960263071
553,0.07973327872020446,0.07498932957373172
554,0.07971297552880004,0.07497361467670338
555,0.0796927905700478,0.07495796296310489
556,0.07967272139736602,0.07494237253265423
557,0.0796527656134308,0.0749268415322408
558,0.07963292086933707,0.07491136815494477
559,0.07961318486376048,0.0748959506390639
560,0.0795935553421207,0.07488058726714862
561,0.07957403009574661,0.07486527636504509
562,0.0795546069610448,0.07485001630094819
563,0.07953528381867163,0.07483480548446353
564,0.07951605859270951,0.07481964236568003
565,0.07949692924984818,0.07480452543425277
566,0.07947789379857163,0.07478945321849723
567,0.07945895028835111,0.07477442428449452
568,0.07944009680884447,0.07475943723520852
569,0.07942133148910294,0.07474449070961502
570,0.0794026524967853,0.07472958338184323
571,0.07938405803737977,0.0747147139603298
572,0.07936554635343468,0.07469988118698566
573,0.07934711572379727,0.07468508383637595
574,0.07932876446286174,0.07467032071491278
575,0.07931049091982663,0.0746555906600619
576,0.07929229347796138,0.07464089253956227
577,0.07927417055388288,0.07462622525065946
578,0.07925612059684206,0.07461158771935275
579,0.07923814208802007,0.07459697889965544
580,0.07922023353983548,0.07458239777286972
581,0.07920239349526124,0.07456784334687433
582,0.07918462052715243,0.07455331465542672
583,0.07916691323758457,0.07453881075747845
584,0.07914927025720277,0.07452433073650469
585,0.0791316902445812,0.07450987369984692
586,0.07911417188559368,0.0744954387780695
587,0.07909671389279503,0.07448102512432982
588,0.0790793150048129,0.07446663191376143
589,0.0790619739857507,0.0744522583428711
590,0.07904468962460108,0.07443790362894841
591,0.07902746073467022,0.07442356700948886
592,0.07901028615301275,0.07440924774162994
593,0.07899316473987718,0.07439494510159957
594,0.07897609537816194,0.07438065838417751
595,0.0789590769728819,0.07436638690216942
596,0.07894210845064505,0.07435212998589248
597,0.07892518875913972,0.07433788698267416
598,0.07890831686663179,0.07432365725636218
599,0.07889149176147177,0.07430944018684653
600,0.07887471245161223,0.07429523516959304
601,0.07885797796413456,0.07428104161518831
602,0.07884128734478577,0.07426685894889604
603,0.07882463965752452,0.07425268661022383
604,0.07880803398407685,0.07423852405250149
605,0.07879146942350088,0.0742243707424693
606,0.07877494509176079,0.07421022615987698
607,0.07875846012130978,0.07419608979709273
608,0.0787420136606817,0.07418196115872236
609,0.07872560487409157,0.07416783976123785
610,0.0787092329410443,0.07415372513261588
611,0.07869289705595216,0.07413961681198525
612,0.07867659642776009,0.07412551434928386
613,0.07866033027957935,0.07411141730492415
614,0.07864409784832886,0.07409732524946769
615,0.07862789838438444,0.0740832377633078
616,0.07861173115123556,0.07406915443636086
617,0.07859559542514943,0.07405507486776558
618,0.07857949049484278,0.07404099866558993
619,0.07856341566116011,0.0740269254465461
620,0.07854737023675952,0.07401285483571268
621,0.07853135354580508,0.07399878646626436
622,0.07851536492366597,0.07398471997920834
623,0.0784994037166221,0.07397065502312816
624,0.07848346928157625,0.0739565912539339
625,0.07846756098577214,0.07394252833461887
626,0.07845167820651909,0.07392846593502284
627,0.0784358203309223,0.07391440373160156
628,0.07841998675561901,0.0739003414072017
629,0.07840417688652049,0.07388627865084235
630,0.0783883901385594,0.07387221515750161
631,0.07837262593544284,0.07385815062790886
632,0.07835688370941045,0.07384408476834262
633,0.07834116290099787,0.07383001729043295
634,0.07832546295880524,0.07381594791096951
635,0.07830978333927045,0.0738018763517141
636,0.07829412350644746,0.07378780233921789
637,0.0782784829317893,0.07377372560464361
638,0.0782628610939354,0.0737596458835915
639,0.0782472574785037,0.07374556291593024
640,0.07823167157788698,0.07373147644563151
641,0.07821610289105356,0.07371738622060878
642,0.07820055092335201,0.07370329199256011
643,0.07818501518632007,0.0736891935168144
644,0.07816949519749741,0.0736750905521815
645,0.07815399048024244,0.07366098286080584
646,0.0781385005635526,0.07364687020802346
647,0.07812302498188876,0.07363275236222218
648,0.07810756327500268,0.0736186290947052
649,0.07809211498776852,0.0736045001795577
650,0.0780766796700174,0.07359036539351634
651,0.07806125687637534,0.07357622451584175
652,0.07804584616610473,0.07356207732819378
653,0.07803044710294867,0.0735479236145095
654,0.07801505925497852,0.07353376316088381
655,0.07799968219444468,0.07351959575545239
656,0.07798431549762999,0.07350542118827741
657,0.07796895874470629,0.0734912392512354
658,0.07795361151959357,0.07347704973790734
659,0.0779382734098224,0.07346285244347159
660,0.07792294400639815,0.07344864716459765
661,0.07790762290366893,0.07343443369934355
662,0.07789230969919513,0.07342021184705418
663,0.0778770039936221,0.07340598140826185
664,0.07786170539055519,0.07339174218458909
665,0.0778464134964369,0.07337749397865265
666,0.07783112792042668,0.07336323659396982
667,0.07781584827428312,0.0733489698348662
668,0.07780057417224784,0.07333469350638509
669,0.07778530523093231,0.07332040741419882
670,0.07777004106920635,0.07330611136452125
671,0.07775478130808884,0.07329180516402205
672,0.07773952557064062,0.07327748861974238
673,0.07772427348185924,0.07326316153901204
674,0.07770902466857584,0.07324882372936803
675,0.07769377875935381,0.07323447499847446
676,0.07767853538438974,0.0732201151540438
677,0.07766329417541559,0.0732057440037594
678,0.07764805476560337,0.07319136135519934
679,0.07763281678947109,0.07317696701576151
680,0.07761757988279086,0.0731625607925899
681,0.07760234368249842,0.07314814249250194
682,0.07758710782660469,0.07313371192191737
683,0.07757187195410845,0.07311926888678758
684,0.07755663570491148,0.07310481319252707
685,0.0775413987197344,0.07309034464394493
686,0.0775261606400348,0.07307586304517816
687,0.07751092110792658,0.0730613681996257
688,0.0774956797661009,0.07304685990988373
689,0.07748043625774856,0.0730323379776816
690,0.07746519022648399,0.07301780220381945
691,0.07744994131627068,0.07300325238810612
692,0.07743468917134798,0.0729886883292985
693,0.07741943343615922,0.0729741098250418
694,0.0774041737552815,0.07295951667181066
695,0.07738890977335672,0.07294490866485152
696,0.07737364113502374,0.07293028559812549
697,0.07735836748485232,0.07291564726425276
698,0.077343088467278,0.07290099345445747
699,0.0773278037265385,0.07288632395851392
700,0.07731251290661137,0.07287163856469346
701,0.0772972156511528,0.0728569370597126
702,0.07728191160343792,0.07284221922868181
703,0.07726660040630212,0.07282748485505544
704,0.07725128170208374,0.07281273372058274
705,0.07723595513256803,0.07279796560525961
706,0.07722062033893218,0.07278318028728144
707,0.07720527696169165,0.07276837754299702
708,0.07718992464064779,0.07275355714686332
709,0.07717456301483647,0.07273871887140136
710,0.07715919172247801,0.07272386248715303
711,0.07714381040092837,0.07270898776263922
712,0.07712841868663138,0.07269409446431854
713,0.07711301621507219,0.07267918235654754
714,0.0770976026207319,0.0726642512015418
715,0.07708217753704359,0.07264930075933818
716,0.07706674059634903,0.07263433078775815
717,0.07705129142985709,0.07261934104237243
718,0.077035829667603,0.07260433127646654
719,0.07702035493840906,0.0725893012410079
720,0.07700486686984626,0.07257425068461391
721,0.07698936508819731,0.0725591793535213
722,0.07697384921842086,0.07254408699155693
723,0.07695831888411687,0.07252897334010983
724,0.07694277370749335,0.07251383813810464
725,0.07692721330933405,0.07249868112197638
726,0.07691163730896794,0.07248350202564681
727,0.07689604532423933,0.0724683005805022
728,0.07688043697147996,0.07245307651537272
729,0.07686481186548183,0.07243782955651337
730,0.07684916961947177,0.07242255942758649
731,0.07683350984508726,0.07240726584964638
732,0.07681783215235358,0.07239194854112503
733,0.07680213614966253,0.07237660721782042
734,0.07678642144375251,0.07236124159288626
735,0.07677068763969017,0.07234585137682378
736,0.07675493434085358,0.07233043627747597
737,0.07673916114891693,0.07231499600002327
738,0.076723367663837,0.07229953024698241
739,0.07670755348384113,0.07228403871820685
740,0.07669171820541697,0.07226852111088997
741,0.07667586142330403,0.07225297711957084
742,0.07665998273048717,0.07223740643614274
743,0.07664408171819166,0.07222180874986413
744,0.0766281579758805,0.07220618374737298
745,0.07661221109125366,0.07219053111270388
746,0.0765962406502493,0.07217485052730836
747,0.07658024623704737,0.07215914167007888
748,0.0765642274340752,0.072143404217376
749,0.07654818382201566,0.07212763784305937
750,0.07653211497981748,0.07211184221852263
751,0.07651602048470835,0.07209601701273255
752,0.07649989991221035,0.07208016189227212
753,0.07648375283615831,0.07206427652138851
754,0.07646757882872073,0.07204836056204555
755,0.07645137746042387,0.07203241367398146
756,0.07643514830017877,0.07201643551477142
757,0.07641889091531127,0.07200042573989629
758,0.07640260487159568,0.07198438400281677
759,0.07638628973329152,0.0719683099550537
760,0.07636994506318392,0.07195220324627526
761,0.07635357042262784,0.07193606352439054
762,0.07633716537159617,0.07191989043565093
763,0.0763207294687315,0.07190368362475859
764,0.07630426227140252,0.07188744273498339
765,0.07628776333576458,0.07187116740828824
766,0.07627123221682479,0.07185485728546363
767,0.0762546684685118,0.07183851200627141
768,0.07623807164375074,0.07182213120959892
769,0.076221441294543,0.07180571453362371
770,0.07620477697205158,0.07178926161598953
771,0.07618807822669191,0.0717727720939942
772,0.07617134460822854,0.07175624560479035
773,0.07615457566587773,0.07173968178559922
774,0.07613777094841662,0.07172308027393891
775,0.07612093000429863,0.07170644070786736
776,0.07610405238177595,0.07168976272624142
777,0.07608713762902894,0.07167304596899254
778,0.07607018529430308,0.07165629007742047
779,0.07605319492605357,0.07163949469450555
780,0.0760361660730981,0.07162265946524124
781,0.0760190982847776,0.07160578403698753
782,0.07600199111112624,0.07158886805984686
783,0.07598484410305006,0.07157191118706403
784,0.07596765681251541,0.07155491307545073
785,0.07595042879274684,0.07153787338583698
786,0.07593315959843581,0.07152079178355093
787,0.07591584878595971,0.0715036679389282
788,0.07589849591361224,0.07148650152785312
789,0.07588110054184558,0.071469292232333
790,0.07586366223352473,0.07145203974110866
791,0.07584618055419455,0.07143474375030155
792,0.0758286550723607,0.07141740396410128
793,0.0758110853597841,0.07140002009549487
794,0.07579347099179083,0.07138259186704048
795,0.0757758115475972,0.07136511901168821
796,0.07575810661065166,0.07134760127365054
797,0.07574035576899407,0.07133003840932531
798,0.07572255861563362,0.07131243018827424
799,0.07570471474894629,0.07129477639425985
800,0.0756868237730936,0.07127707682634454
801,0.07566888529846376,0.07125933130005466
802,0.07565089894213713,0.07124153964861353
803,0.07563286432837756,0.07122370172424677
804,0.07561478108915233,0.0712058173995644
805,0.07559664886468213,0.07118788656902271
806,0.07557846730402486,0.07116990915047113
807,0.07556023606569554,0.0711518850867878
808,0.07554195481832628,0.07113381434760811
809,0.07552362324136995,0.07111569693115141
810,0.07550524102585246,0.07109753286614978
811,0.07548680787517832,0.07107932221388415
812,0.07546832350599564,0.07106106507033243
813,0.07544978764912691,0.07104276156843439
814,0.07543120005057315,0.07102441188047846
815,0.07541256047259942,0.0710060162206147
816,0.07539386869491144,0.07098757484749947
817,0.07537512451593374,0.07096908806707597
818,0.07535632775420072,0.07095055623549482
819,0.07533747824987393,0.07093197976217915
820,0.07531857586640003,0.07091335911303802
821,0.0752996204923251,0.07089469481383044
822,0.07528061204328251,0.07087598745368347
823,0.07526155046417377,0.07085723768876503
824,0.07524243573156228,0.07083844624611256
825,0.07522326785630207,0.07081961392761621
826,0.07520404688642483,0.07080074161415399
827,0.07518477291030969,0.07078183026987517
828,0.07516544606016053,0.0707628809466239
829,0.07514606651581784,0.0707438947884946
830,0.07512663450893,0.07072487303650565
831,0.0751071503275099,0.07070581703337481
832,0.07508761432090107,0.07068672822837532
833,0.0750680269051749,0.07066760818224636
834,0.07504838856897776,0.07064845857212565
835,0.07502869987984154,0.07062928119646558
836,0.07500896149096543,0.07061007797988593
837,0.0749891741484685,0.07059085097790932
838,0.07496933869910306,0.07057160238151435
839,0.07494945609840672,0.07055233452143356
840,0.07492952741925672,0.07053304987210977
841,0.07490955386077448,0.07051375105521589
842,0.07488953675750809,0.07049444084262826
843,0.0748694775888011,0.07047512215873426
844,0.07484937798823146,0.07045579808194019
845,0.0748292397529803,0.07043647184523574
846,0.07480906485296361,0.07041714683565979
847,0.07478885543953318,0.07039782659250327
848,0.07476861385352618,0.07037851480407833
849,0.07474834263241667,0.07035921530287899
850,0.0747280445162991,0.0703399320589584
851,0.07470772245241335,0.0703206691713523
852,0.07468737959790596,0.07030143085738844
853,0.07466701932051287,0.07028222143973785
854,0.0746466451968483,0.07026304533108607
855,0.07462626100799316,0.07024390701633376
856,0.07460587073209386,0.07022481103227281
857,0.07458547853371487,0.07020576194472977
858,0.07456508874972959,0.07018676432322096
859,0.07454470587158908,0.0701678227132211
860,0.07452433452387729,0.07014894160621206
861,0.07450397943913638,0.07013012540774473
862,0.0744836454290358,0.0701113784038145
863,0.07446333735205218,0.0700927047259194
864,0.07444306007792541,0.07007410831523177
865,0.0744228184492558,0.0700555928863718
866,0.07440261724070403,0.07003716189131741
867,0.074382461116343,0.07001881848402135
868,0.07436235458579028,0.07000056548632451
869,0.07434230195981192,0.06998240535576092
870,0.07432230730613376,0.06996434015583478
871,0.07430237440622099,0.06994637152931964
872,0.07428250671378858,0.069928500675081
873,0.07426270731578459,0.0699107283288589
874,0.07424297889654616,0.06989305474836952
875,0.07422332370576194,0.06987547970299438
876,0.07420374353079492,0.06985800246822974
877,0.07418423967381906,0.06984062182496757
878,0.07416481293411724,0.06982333606357939
879,0.0741454635957702,0.0698061429926767
880,0.07412619142084959,0.06978903995233361
881,0.07410699564811234,0.06977202383147715
882,0.0740878749970839,0.06975509108908537
883,0.07406882767731796,0.06973823777878085
884,0.07404985140253284,0.06972145957637016
885,0.0740309434092516,0.06970475180985845
886,0.07401210047951436,0.06968810949145951
887,0.0739933189671905,0.06967152735112832
888,0.07397459482739102,0.06965499987115871
889,0.07395592364846905,0.0696385213214152
890,0.0739373006860977,0.06962208579480043
891,0.07391872089892607,0.06960568724259804
892,0.07390017898533485,0.06958931950937004
893,0.0738816694208419,0.0695729763671306
894,0.07386318649574024,0.06955665154855692
895,0.07384472435258838,0.06954033877903783
896,0.07382627702321054,0.06952403180739514
897,0.07380783846490346,0.06950772443514591
898,0.07378940259558367,0.06949141054420138
899,0.07377096332764595,0.06947508412292266
900,0.07375251460033867,0.0694587392904748
901,0.07373405041049234,0.06944237031943724
902,0.07371556484146868,0.06942597165664396
903,0.07369705209022384,0.06940953794223852
904,0.07367850649240361,0.0693930640269386
905,0.07365992254541266,0.06937654498751437
906,0.0736412949294175,0.06935997614049189
907,0.073622618526264,0.06934335305409918
908,0.07360388843630562,0.06932667155848041
909,0.07358509999315459,0.06930992775420816
910,0.07356624877638245,0.0692931180191312
911,0.07354733062220946,0.06927623901360082
912,0.07352834163223365,0.06925928768412462
913,0.07350927818026244,0.06924226126550398
914,0.07349013691731805,0.06922515728151536
915,0.07347091477489805,0.06920797354420426
916,0.07345160896657923,0.06919070815186323
917,0.07343221698805992,0.06917335948577295
918,0.07341273661574169,0.06915592620578806
919,0.07339316590395548,0.06913840724485465
920,0.07337350318094084,0.06912080180254875
921,0.0733537470436884,0.06910310933772751
922,0.0733338963517583,0.06908532956038724
923,0.07331395022018576,0.06906746242282118
924,0.07329390801158488,0.06904950811017223
925,0.0732737693275597,0.06903146703047226
926,0.07325353399952851,0.06901333980425933
927,0.07323320207906384,0.06899512725386113
928,0.07321277382784651,0.06897683039242898
929,0.07319224970732673,0.06895845041280373
930,0.07317163036817977,0.06893998867628937
931,0.07315091663963881,0.0689214467014064
932,0.07313010951877973,0.06890282615269032
933,0.07310921015982813,0.06888412882959666
934,0.07308821986355069,0.06886535665556677
935,0.07306714006678812,0.06884651166730439
936,0.07304597233217898,0.06882759600430556
937,0.07302471833811869,0.06880861189868061
938,0.0730033798689911,0.06878956166529998
939,0.07298195880570472,0.06877044769229114
940,0.07296045711655998,0.06875127243190886
941,0.07293887684846816,0.06873203839179548
942,0.07291722011853902,0.06871274812664448
943,0.0728954891060484,0.06869340423027583
944,0.07287368604479368,0.06867400932812771
945,0.07285181321584132,0.06865456607016682
946,0.07282987294066685,0.06863507712421447
947,0.07280786757468523,0.06861554516968545
948,0.07278579950116688,0.06859597289173178
949,0.07276367112553193,0.06857636297578314
950,0.07274148487001411,0.06855671810247344
951,0.07271924316868365,0.06853704094294141
952,0.0726969484628171,0.06851733415449192
953,0.07267460319660146,0.06849760037660432
954,0.07265220981315854,0.06847784222727236
955,0.07262977075087595,0.06845806229966135
956,0.07260728844002932,0.06843826315906594
957,0.07258476529968118,0.06841844734015351
958,0.07256220373484203,0.0683986173444774
959,0.07253960613387803,0.06837877563824413
960,0.07251697486615141,0.06835892465031952
961,0.07249431227987864,0.06833906677045873
962,0.07247162070019292,0.06831920434774577
963,0.07244890242739747,0.06829933968922815
964,0.07242615973539626,0.06827947505873369
965,0.07240339487029004,0.06825961267585584
966,0.07238061004912559,0.06823975471509565
967,0.07235780745878716,0.06821990330514874
968,0.07233498925501931,0.06820006052832568
969,0.0723121575615706,0.06818022842009587
970,0.07228931446944925,0.06816040896874428
971,0.07226646203628162,0.0681406041151329
972,0.07224360228576497,0.06812081575255702
973,0.07222073720720719,0.06810104572668946
974,0.07219786875514574,0.06808129583560403
975,0.07217499884903945,0.06806156782987237
976,0.07215212937302702,0.06804186341272668
977,0.07212926217574607,0.06802218424028342
978,0.07210639907020815,0.06800253192182136
979,0.07208354183372405,0.06798290802010967
980,0.07206069220787564,0.06796331405178124
981,0.07203785189853013,0.0679437514877467
982,0.072015022575892,0.06792422175364511
983,0.07199220587459104,0.06790472623032832
984,0.07196940339380155,0.06788526625437497
985,0.0719466166973911,0.06786584311863161
986,0.07192384731409569,0.06784645807277774
987,0.07190109673771931,0.06782711232391293
988,0.07187836642735546,0.06780780703716272
989,0.07185565780762897,0.06778854333630212
990,0.07183297226895641,0.06776932230439421
991,0.07181031116782303,0.06775014498444235
992,0.07178767582707556,0.06773101238005405
993,0.07176506753622887,0.06771192545611578
994,0.07174248755178571,0.06769288513947593
995,0.0717199370975682,0.0676738923196364
996,0.07169741736506048,0.06765494784945038
997,0.07167492951376087,0.06763605254582546
998,0.07165247467154377,0.06761720719043178
999,0.07163005393502961,0.06759841253041349
1000,0.07160766836996242,0.06757966927910262
